,CONSUMPTION,AVG_PRICE,,,CONSUMPTION,AVG_PRICE,,,CONSUMPTION,AVG_PRICE,,,CONSUMPTION,AVG_PRICE,,,CONSUMPTION,AVG_PRICE,,,CONSUMPTION,AVG_PRICE,,,CONSUMPTION,AVG_PRICE,,,CONSUMPTION,AVG_PRICE,,,CONSUMPTION,AVG_PRICE,,,CONSUMPTION,AVG_PRICE
1/1/10,0,0,,1/1/11,0,0,,1/1/12,0,0,,1/1/13,0,0,,1/1/14,0,0,,1/1/15,0,0,,1/1/16,0,0,,1/1/17,0,0,,1/1/18,0,0,,1/1/19,0,0
1/2/10,0.447285384,2,,1/2/11,10.68475856,2,,1/2/12,22.93118574,2,,1/2/13,2.002353603,2,,1/2/14,3.755643058,2,,1/2/15,1.345790824,2,,1/2/16,20.58854007,2,,1/2/17,1.81580619,2,,1/2/18,1.343830722,2,,1/2/19,9.76681219,2
1/3/10,14.33977713,2,,1/3/11,28.79324934,2,,1/3/12,39.75123456,2,,1/3/13,5.27901389,2,,1/3/14,9.774533795,2,,1/3/15,18.50901868,2,,1/3/16,24.95679867,2,,1/3/17,2.990369311,2,,1/3/18,16.42859647,2,,1/3/19,11.7798271,2
1/4/10,17.3885274,2,,1/4/11,35.43263638,2,,1/4/12,44.67813321,2,,1/4/13,8.488832198,2,,1/4/14,16.91087889,2,,1/4/15,22.60515608,2,,1/4/16,25.11163807,2,,1/4/17,15.71335323,2,,1/4/18,20.69083121,2,,1/4/19,21.62617223,2
1/5/10,28.37235049,2,,1/5/11,48.0464791,2,,1/5/12,66.32845821,2,,1/5/13,18.50565543,2,,1/5/14,36.90833434,2,,1/5/15,27.92403322,2,,1/5/16,52.79798692,2,,1/5/17,20.98846241,2,,1/5/18,40.0884051,2,,1/5/19,27.63039141,2
1/6/10,42.23912825,2,,1/6/11,57.03260354,2,,1/6/12,66.58225128,2,,1/6/13,20.88820917,2,,1/6/14,44.31967208,2,,1/6/15,41.52681168,2,,1/6/16,56.36786094,2,,1/6/17,33.35502863,2,,1/6/18,47.6678538,2,,1/6/19,28.13075506,2
1/7/10,51.68322399,2,,1/7/11,57.53442385,2,,1/7/12,76.80326784,2,,1/7/13,48.31108322,2,,1/7/14,48.09723898,2,,1/7/15,45.26812994,2,,1/7/16,68.49998468,2,,1/7/17,37.14840116,2,,1/7/18,48.54585731,2,,1/7/19,28.57248372,2
1/8/10,62.1385734,2,,1/8/11,57.84635238,2,,1/8/12,76.95952963,2,,1/8/13,59.34676687,2,,1/8/14,49.42627946,2,,1/8/15,46.95628953,2,,1/8/16,78.72535033,2,,1/8/17,40.75849812,2,,1/8/18,56.32106601,2,,1/8/19,28.86326387,2
1/9/10,72.21896478,2,,1/9/11,64.35445483,2,,1/9/12,86.39185458,2,,1/9/13,84.4757659,2,,1/9/14,52.03166126,2,,1/9/15,67.67895047,2,,1/9/16,82.33204032,2,,1/9/17,49.40601875,2,,1/9/18,80.80327028,2,,1/9/19,30.0661252,2
1/10/10,73.96403256,2,,1/10/11,74.6018316,2,,1/10/12,91.9880026,2,,1/10/13,91.15134725,2,,1/10/14,60.13045557,2,,1/10/15,82.61709913,2,,1/10/16,85.51427701,2,,1/10/17,55.9970199,2,,1/10/18,82.28066354,2,,1/10/19,49.70690863,2
1/11/10,95.22515546,2,,1/11/11,87.83578132,2,,1/11/12,99.11981868,2,,1/11/13,91.95577808,2,,1/11/14,62.69351945,2,,1/11/15,83.75675292,2,,1/11/16,85.67299563,2,,1/11/17,59.70733956,2,,1/11/18,88.30098136,2,,1/11/19,50.99996349,2
1/12/10,105.2872826,2,,1/12/11,100.4809263,2,,1/12/12,108.1579223,2,,1/12/13,107.398556,2,,1/12/14,64.88646021,2,,1/12/15,84.81447244,2,,1/12/16,89.55849704,2,,1/12/17,78.31601325,2,,1/12/18,103.1761059,2,,1/12/19,55.85377258,2
1/13/10,109.5509689,2,,1/13/11,101.9358701,2,,1/13/12,113.7227532,2,,1/13/13,109.563639,2,,1/13/14,88.64854717,2,,1/13/15,90.75750132,2,,1/13/16,102.7078652,2,,1/13/17,86.1942269,2,,1/13/18,115.9560434,2,,1/13/19,58.28463178,2
1/14/10,124.6288784,2,,1/14/11,121.4150751,2,,1/14/12,117.8648654,2,,1/14/13,111.3649238,2,,1/14/14,115.6851118,2,,1/14/15,92.28080734,2,,1/14/16,140.235356,2,,1/14/17,109.6728737,2,,1/14/18,117.131343,2,,1/14/19,59.77973602,2
1/15/10,165.1346943,2,,1/15/11,122.5147138,2,,1/15/12,140.0649206,2,,1/15/13,120.837213,2,,1/15/14,118.5957234,2,,1/15/15,101.4395349,2,,1/15/16,142.8582706,2,,1/15/17,109.798302,2,,1/15/18,118.8469889,2,,1/15/19,65.32775795,2
1/16/10,186.5096232,2,,1/16/11,124.8830597,2,,1/16/12,141.0483809,2,,1/16/13,123.2293328,2,,1/16/14,121.4276514,2,,1/16/15,102.2199335,2,,1/16/16,143.5714289,2,,1/16/17,115.926095,2,,1/16/18,120.1089338,2,,1/16/19,68.02043104,2
1/17/10,187.5120841,2,,1/17/11,126.8942932,2,,1/17/12,147.2002047,2,,1/17/13,145.1845962,2,,1/17/14,142.3354418,2,,1/17/15,111.6102563,2,,1/17/16,153.2853373,2,,1/17/17,132.6308276,2,,1/17/18,120.2036574,2,,1/17/19,78.9136044,2
1/18/10,191.2015341,2,,1/18/11,135.4563584,2,,1/18/12,148.3526039,2,,1/18/13,146.2699613,2,,1/18/14,150.6854399,2,,1/18/15,111.9850838,2,,1/18/16,157.4193705,2,,1/18/17,137.7315819,2,,1/18/18,139.1377039,2,,1/18/19,81.07156326,2
1/19/10,194.6901975,2,,1/19/11,141.9590632,2,,1/19/12,154.6616803,2,,1/19/13,151.0923312,2,,1/19/14,156.6082829,2,,1/19/15,147.109815,2,,1/19/16,160.7477192,2,,1/19/17,166.9821386,2,,1/19/18,150.0561792,2,,1/19/19,81.45435171,2
1/20/10,202.8597919,2,,1/20/11,169.6257544,2,,1/20/12,156.6828376,2,,1/20/13,157.7837775,2,,1/20/14,162.4500907,2,,1/20/15,160.2284601,2,,1/20/16,161.4236205,2,,1/20/17,171.3509288,2,,1/20/18,159.6654484,2,,1/20/19,91.50575258,2
1/21/10,206.3840679,2,,1/21/11,170.0448721,2,,1/21/12,161.7113415,2,,1/21/13,158.7839798,2,,1/21/14,165.2919842,2,,1/21/15,162.5789969,2,,1/21/16,166.5368445,2,,1/21/17,176.3349303,2,,1/21/18,179.3893002,2,,1/21/19,97.31016234,2
1/22/10,222.3056056,2,,1/22/11,170.8031688,2,,1/22/12,162.0087686,2,,1/22/13,164.4696076,2,,1/22/14,177.0224167,2,,1/22/15,178.5679056,2,,1/22/16,170.4510119,2,,1/22/17,182.3344249,2,,1/22/18,180.4729989,2,,1/22/19,102.0531183,2
1/23/10,226.4888395,2,,1/23/11,177.2676737,2,,1/23/12,171.9369881,2,,1/23/13,173.3829286,2,,1/23/14,177.2873277,2,,1/23/15,194.9897658,2,,1/23/16,172.0681135,2,,1/23/17,185.8657139,2,,1/23/18,187.5718594,2,,1/23/19,113.4372987,2
1/24/10,232.5682269,2,,1/24/11,179.8224614,2,,1/24/12,172.2132839,2,,1/24/13,216.5129129,2,,1/24/14,183.7136252,2,,1/24/15,201.8338989,2,,1/24/16,173.9215426,2,,1/24/17,192.3124394,2,,1/24/18,190.5470673,2,,1/24/19,115.5319769,2
1/25/10,236.3102185,2,,1/25/11,180.7716073,2,,1/25/12,173.5684253,2,,1/25/13,217.9760193,2,,1/25/14,188.20404,2,,1/25/15,221.0108185,2,,1/25/16,175.2892562,2,,1/25/17,200.7360642,2,,1/25/18,197.1504023,2,,1/25/19,122.9658409,2
1/26/10,241.1888055,2,,1/26/11,181.2550581,2,,1/26/12,174.765243,2,,1/26/13,224.926435,2,,1/26/14,199.996492,2,,1/26/15,233.7420957,2,,1/26/16,176.4502181,2,,1/26/17,203.2479923,2,,1/26/18,199.4150456,2,,1/26/19,131.5218046,2
1/27/10,248.2357858,2,,1/27/11,201.3382308,2,,1/27/12,177.1333965,2,,1/27/13,240.9928838,2,,1/27/14,213.3978741,2,,1/27/15,238.1817693,2,,1/27/16,176.9970086,2,,1/27/17,213.5382243,2,,1/27/18,201.2358994,2,,1/27/19,133.2667913,2
1/28/10,259.4295112,2,,1/28/11,210.7501083,2,,1/28/12,177.1659527,2,,1/28/13,252.2399878,2,,1/28/14,237.7810948,2,,1/28/15,244.1044058,2,,1/28/16,185.724646,2,,1/28/17,216.0067021,2,,1/28/18,240.3844142,2,,1/28/19,148.1930556,2
1/29/10,263.1061773,2,,1/29/11,233.9522339,2,,1/29/12,195.9480655,2,,1/29/13,254.8283582,2,,1/29/14,242.3168548,2,,1/29/15,246.2903955,2,,1/29/16,208.2669548,2,,1/29/17,216.6237069,2,,1/29/18,246.5799127,2,,1/29/19,154.8143855,2
1/30/10,275.5333919,2,,1/30/11,237.9100304,2,,1/30/12,202.5261409,2,,1/30/13,274.327695,2,,1/30/14,248.3450938,2,,1/30/15,249.7868324,2,,1/30/16,218.8722043,2,,1/30/17,222.9825912,2,,1/30/18,257.4254744,2,,1/30/19,160.0345811,2
1/31/10,291.7552698,2,,1/31/11,258.0736677,2,,1/31/12,202.9761898,2,,1/31/13,274.5998906,2,,1/31/14,259.1155233,2,,1/31/15,259.841221,2,,1/31/16,222.9644795,2,,1/31/17,232.9913031,2,,1/31/18,274.620573,2,,1/31/19,184.8298054,2
2/1/10,294.4930437,2,,2/1/11,262.1116608,2,,2/1/12,213.1035702,2,,2/1/13,281.156109,2,,2/1/14,260.8037447,2,,2/1/15,288.270159,2,,2/1/16,233.1280768,2,,2/1/17,242.8956371,2,,2/1/18,294.9109171,2,,2/1/19,205.495155,2
2/2/10,301.0329453,2,,2/2/11,263.3624407,2,,2/2/12,227.5367779,2,,2/2/13,282.9096634,2,,2/2/14,272.1969965,2,,2/2/15,291.5206682,2,,2/2/16,245.2606037,2,,2/2/17,257.95389,2,,2/2/18,295.9841377,2,,2/2/19,211.383134,2
2/3/10,302.2562158,2,,2/3/11,271.270474,2,,2/3/12,236.4886233,2,,2/3/13,284.1113412,2,,2/3/14,274.8472517,2,,2/3/15,309.847499,2,,2/3/16,267.8066582,2,,2/3/17,269.6604656,2,,2/3/18,321.0416664,2,,2/3/19,213.1263213,2
2/4/10,304.5281545,2,,2/4/11,277.8403586,2,,2/4/12,237.9673466,2,,2/4/13,286.1568767,2,,2/4/14,307.4042938,2,,2/4/15,310.7960902,2,,2/4/16,272.094316,2,,2/4/17,273.272014,2,,2/4/18,322.5832828,2,,2/4/19,218.3863578,2
2/5/10,313.3376852,2,,2/5/11,280.6407336,2,,2/5/12,248.0838089,2,,2/5/13,296.2092801,2,,2/5/14,314.673707,2,,2/5/15,318.6537885,2,,2/5/16,277.6808039,2,,2/5/17,281.4590765,2,,2/5/18,323.8398753,2,,2/5/19,225.1853883,2
2/6/10,316.3213664,2,,2/6/11,282.7256791,2,,2/6/12,259.9117448,2,,2/6/13,306.98669,2,,2/6/14,315.1192941,2,,2/6/15,327.6133398,2,,2/6/16,286.2474396,2,,2/6/17,297.0617533,2,,2/6/18,323.923768,2,,2/6/19,231.338079,2
2/7/10,326.8811433,2,,2/7/11,287.1999025,2,,2/7/12,266.2651736,2,,2/7/13,317.7427601,2,,2/7/14,315.5243591,2,,2/7/15,342.2310433,2,,2/7/16,286.3008161,2,,2/7/17,304.6250397,2,,2/7/18,345.3514755,2,,2/7/19,235.9591556,2
2/8/10,328.7143822,2,,2/8/11,299.1408982,2,,2/8/12,266.4738442,2,,2/8/13,332.9154592,2,,2/8/14,316.1180814,2,,2/8/15,342.6236362,2,,2/8/16,296.4604778,2,,2/8/17,306.0909733,2,,2/8/18,349.1177822,2,,2/8/19,243.7109806,2
2/9/10,333.3481983,2,,2/9/11,306.5542282,2,,2/9/12,268.818184,2,,2/9/13,341.700629,2,,2/9/14,318.0342383,2,,2/9/15,353.2220355,2,,2/9/16,300.2660566,2,,2/9/17,319.7823625,2,,2/9/18,350.1558439,2,,2/9/19,246.6589758,2
2/10/10,350.5639374,2,,2/10/11,312.1635072,2,,2/10/12,269.9386585,2,,2/10/13,341.7056981,2,,2/10/14,352.0868695,2,,2/10/15,359.2739528,2,,2/10/16,301.3152821,2,,2/10/17,347.1052243,2,,2/10/18,370.708196,2,,2/10/19,248.0472121,2
2/11/10,358.024832,2,,2/11/11,315.0242305,2,,2/11/12,275.0669565,2,,2/11/13,366.7585958,2,,2/11/14,371.6923122,2,,2/11/15,359.6563313,2,,2/11/16,307.78432,2,,2/11/17,360.9495133,2,,2/11/18,385.6936378,2,,2/11/19,254.3264682,2
2/12/10,377.5632574,2,,2/12/11,316.3632405,2,,2/12/12,293.3601468,2,,2/12/13,379.0133384,2,,2/12/14,376.4762907,2,,2/12/15,365.6693955,2,,2/12/16,323.5699847,2,,2/12/17,373.5641424,2,,2/12/18,389.6535708,2,,2/12/19,258.909229,2
2/13/10,380.3149973,2,,2/13/11,319.009159,2,,2/13/12,293.5404698,2,,2/13/13,391.1280778,2,,2/13/14,379.1738236,2,,2/13/15,377.2426865,2,,2/13/16,324.3358525,2,,2/13/17,388.0566978,2,,2/13/18,392.1491607,2,,2/13/19,268.2920859,2
2/14/10,380.5424324,2,,2/14/11,323.8778652,2,,2/14/12,301.8827789,2,,2/14/13,393.953749,2,,2/14/14,388.6153157,2,,2/14/15,377.6669001,2,,2/14/16,334.2417792,2,,2/14/17,400.8588686,2,,2/14/18,407.7165945,2,,2/14/19,275.9952329,2
2/15/10,396.9092273,2,,2/15/11,351.3229122,2,,2/15/12,309.3002665,2,,2/15/13,398.4030845,2,,2/15/14,392.4356548,2,,2/15/15,382.7449605,2,,2/15/16,343.8752611,2,,2/15/17,406.0929998,2,,2/15/18,413.513142,2,,2/15/19,277.3513298,2
2/16/10,401.0205356,2,,2/16/11,357.5352996,2,,2/16/12,312.8669732,2,,2/16/13,400.6398178,2,,2/16/14,398.6825459,2,,2/16/15,383.1783217,2,,2/16/16,351.7950803,2,,2/16/17,407.6475526,2,,2/16/18,423.2574549,2,,2/16/19,279.4488828,2
2/17/10,416.1386969,2,,2/17/11,360.5247006,2,,2/17/12,315.9658126,2,,2/17/13,412.5044559,2,,2/17/14,434.9356643,2,,2/17/15,386.1964544,2,,2/17/16,353.5138111,2,,2/17/17,454.043553,2,,2/17/18,423.7148944,2,,2/17/19,286.8983835,2
2/18/10,440.9504189,2,,2/18/11,365.9680688,2,,2/18/12,326.5708271,2,,2/18/13,414.6708749,2,,2/18/14,437.2341589,2,,2/18/15,389.4506864,2,,2/18/16,355.1374638,2,,2/18/17,459.131054,2,,2/18/18,423.7465283,2,,2/18/19,316.0623995,2
2/19/10,445.3895275,2,,2/19/11,385.0823803,2,,2/19/12,326.5737387,2,,2/19/13,424.6767912,2,,2/19/14,439.7387549,2,,2/19/15,391.0781714,2,,2/19/16,360.0549889,2,,2/19/17,471.9941072,2,,2/19/18,429.9730211,2,,2/19/19,320.9994638,2
2/20/10,445.7580755,2,,2/20/11,390.7928343,2,,2/20/12,335.4279172,2,,2/20/13,429.2890429,2,,2/20/14,461.2788796,2,,2/20/15,404.9581407,2,,2/20/16,376.5066433,2,,2/20/17,485.1700394,2,,2/20/18,438.0504791,2,,2/20/19,335.5587292,2
2/21/10,453.8557694,2,,2/21/11,400.3175788,2,,2/21/12,345.5706962,2,,2/21/13,430.6979001,2,,2/21/14,464.3180498,2,,2/21/15,405.948385,2,,2/21/16,382.1240873,2,,2/21/17,488.9844127,2,,2/21/18,439.6283234,2,,2/21/19,340.169927,2
2/22/10,459.7295821,2,,2/22/11,401.0539831,2,,2/22/12,391.9910991,2,,2/22/13,437.2104892,2,,2/22/14,464.889913,2,,2/22/15,412.7978033,2,,2/22/16,382.6177898,2,,2/22/17,493.3829716,2,,2/22/18,442.5495363,2,,2/22/19,346.4813705,2
2/23/10,463.4584141,2,,2/23/11,401.2389329,2,,2/23/12,392.5359641,2,,2/23/13,444.9798464,2,,2/23/14,469.0855985,2,,2/23/15,426.8938647,2,,2/23/16,387.4149761,2,,2/23/17,498.2272731,2,,2/23/18,444.9014935,2,,2/23/19,381.6608852,2
2/24/10,465.8290153,2,,2/24/11,404.4779191,2,,2/24/12,395.8666381,2,,2/24/13,450.2455567,2,,2/24/14,475.3935967,2,,2/24/15,451.4913134,2,,2/24/16,424.3137314,2,,2/24/17,501.1341635,2,,2/24/18,448.5007311,2,,2/24/19,393.6872,2
2/25/10,471.3243422,2,,2/25/11,405.7105032,2,,2/25/12,401.355551,2,,2/25/13,460.8220587,2,,2/25/14,484.9896896,2,,2/25/15,460.8422579,2,,2/25/16,430.0962236,2,,2/25/17,518.0086589,2,,2/25/18,453.1958877,2,,2/25/19,397.4270281,2
2/26/10,482.0757124,2,,2/26/11,412.3367383,2,,2/26/12,401.7297008,2,,2/26/13,467.251486,2,,2/26/14,493.0457007,2,,2/26/15,477.1886064,2,,2/26/16,443.1890603,2,,2/26/17,528.8596614,2,,2/26/18,458.7460071,2,,2/26/19,417.2230259,2
2/27/10,483.2811659,2,,2/27/11,435.081462,2,,2/27/12,419.5068424,2,,2/27/13,469.6377354,2,,2/27/14,506.8158687,2,,2/27/15,480.3866601,2,,2/27/16,452.3867345,2,,2/27/17,531.6323001,2,,2/27/18,465.4186029,2,,2/27/19,418.4572876,2
2/28/10,484.3925857,2,,2/28/11,443.1784641,2,,2/28/12,420.4012694,2,,2/28/13,477.1523163,2,,2/28/14,521.9024059,2,,2/28/15,484.5680112,2,,2/28/16,454.5860468,2,,2/28/17,537.5611067,2,,2/28/18,467.3302749,2,,2/28/19,424.3960615,2
3/1/10,484.4045033,2,,3/1/11,443.9059385,2,,2/29/12,436.1457538,2,,3/1/13,481.7834451,2,,3/1/14,527.2728436,2,,3/1/15,490.3170764,2,,2/29/16,460.0917685,2,,3/1/17,544.0284206,2,,3/1/18,484.1809913,2,,3/1/19,441.847519,2
3/2/10,486.305998,2,,3/2/11,453.5970654,2,,3/1/12,440.7391287,2,,3/2/13,488.3668464,2,,3/2/14,534.6178336,2,,3/2/15,492.1402308,2,,3/1/16,461.7159763,2,,3/2/17,544.8472354,2,,3/2/18,502.9150213,2,,3/2/19,453.647318,2
3/3/10,502.1937575,2,,3/3/11,474.3332209,2,,3/2/12,477.1283469,2,,3/3/13,489.8371011,2,,3/3/14,534.9332674,2,,3/3/15,510.3298166,2,,3/2/16,461.7551388,2,,3/3/17,556.791137,2,,3/3/18,514.5120189,2,,3/3/19,459.9903877,2
3/4/10,505.7170658,2,,3/4/11,476.9061409,2,,3/3/12,480.7941099,2,,3/4/13,492.1137605,2,,3/4/14,536.9767162,2,,3/4/15,512.9881722,2,,3/3/16,464.1583189,2,,3/4/17,565.7014714,2,,3/4/18,519.7183931,2,,3/4/19,473.0432836,2
3/5/10,527.1101721,2,,3/5/11,481.8216886,2,,3/4/12,485.1245833,2,,3/5/13,493.5349754,2,,3/5/14,542.4938836,2,,3/5/15,525.1260882,2,,3/4/16,493.3138346,2,,3/5/17,572.7287801,2,,3/5/18,533.8380658,2,,3/5/19,496.5357268,2
3/6/10,528.5375571,2,,3/6/11,487.2934099,2,,3/5/12,486.3908992,2,,3/6/13,501.5343183,2,,3/6/14,545.9779041,2,,3/6/15,527.5122898,2,,3/5/16,497.4558348,2,,3/6/17,577.021658,2,,3/6/18,534.9981271,2,,3/6/19,514.1577661,2
3/7/10,533.5922632,2,,3/7/11,488.2353707,2,,3/6/12,491.7070787,2,,3/7/13,518.7732802,2,,3/7/14,571.5976162,2,,3/7/15,530.2470638,2,,3/6/16,502.6696512,2,,3/7/17,577.6111746,2,,3/7/18,535.0066376,2,,3/7/19,529.3902843,2
3/8/10,533.6594231,2,,3/8/11,522.1183501,2,,3/7/12,496.4187433,2,,3/8/13,519.6595861,2,,3/8/14,575.6913312,2,,3/8/15,547.7702251,2,,3/7/16,506.5153073,2,,3/8/17,585.7933582,2,,3/8/18,535.2087357,2,,3/8/19,530.8377883,2
3/9/10,535.4003596,2,,3/9/11,536.0813956,2,,3/8/12,497.1333033,2,,3/9/13,523.7651244,2,,3/9/14,582.9122147,2,,3/9/15,549.7260487,2,,3/8/16,519.392986,2,,3/9/17,586.8397713,2,,3/9/18,547.3002471,2,,3/9/19,534.0373908,2
3/10/10,542.7581535,2,,3/10/11,539.2371951,2,,3/9/12,504.4690326,2,,3/10/13,535.9216726,2,,3/10/14,598.9342556,2,,3/10/15,558.0409831,2,,3/9/16,523.4541215,2,,3/10/17,589.4550034,2,,3/10/18,547.8750165,2,,3/10/19,539.8982369,2
3/11/10,545.9249262,2,,3/11/11,542.3839019,2,,3/10/12,509.8551274,2,,3/11/13,556.7140502,2,,3/11/14,599.6805345,2,,3/11/15,562.7893734,2,,3/10/16,530.7568103,2,,3/11/17,596.5599777,2,,3/11/18,556.2062337,2,,3/11/19,541.8523313,2
3/12/10,548.9396475,2,,3/12/11,597.9136643,2,,3/11/12,510.7365277,2,,3/12/13,562.9656749,2,,3/12/14,613.4326655,2,,3/12/15,573.568608,2,,3/11/16,531.5013277,2,,3/12/17,607.8194249,2,,3/12/18,561.9205955,2,,3/12/19,558.5604957,2
3/13/10,560.6569899,2,,3/13/11,600.0535715,2,,3/12/12,512.8694752,2,,3/13/13,578.7058394,2,,3/13/14,619.3492298,2,,3/13/15,574.9011889,2,,3/12/16,546.89206,2,,3/13/17,611.9724351,2,,3/13/18,569.2844816,2,,3/13/19,570.5560851,2
3/14/10,565.5819765,2,,3/14/11,610.027315,2,,3/13/12,513.9741705,2,,3/14/13,603.9088394,2,,3/14/14,623.1244048,2,,3/14/15,578.840482,2,,3/13/16,546.9464628,2,,3/14/17,613.9836872,2,,3/14/18,574.1570618,2,,3/14/19,584.5512636,2
3/15/10,605.91469,2,,3/15/11,612.5009022,2,,3/14/12,523.5652157,2,,3/15/13,608.5308886,2,,3/15/14,627.9617726,2,,3/15/15,584.4870498,2,,3/14/16,552.344295,2,,3/15/17,615.9456219,2,,3/15/18,584.4950027,2,,3/15/19,587.4200737,2
3/16/10,611.0800719,2,,3/16/11,615.27231,2,,3/15/12,561.5394594,2,,3/16/13,613.3206415,2,,3/16/14,631.1164194,2,,3/16/15,595.1213099,2,,3/15/16,559.5291526,2,,3/16/17,617.279736,2,,3/16/18,585.64927,2,,3/16/19,589.9886407,2
3/17/10,629.5634609,2,,3/17/11,621.5336891,2,,3/16/12,569.2655511,2,,3/17/13,621.9662822,2,,3/17/14,640.3503784,2,,3/17/15,602.4400961,2,,3/16/16,564.664591,2,,3/17/17,626.5884982,2,,3/17/18,612.0601394,2,,3/17/19,610.5180465,2
3/18/10,659.6667603,2,,3/18/11,622.8921635,2,,3/17/12,597.0344362,2,,3/18/13,628.2378013,2,,3/18/14,649.6352649,2,,3/18/15,614.9250439,2,,3/17/16,588.4993115,2,,3/18/17,629.5535607,2,,3/18/18,612.9836941,2,,3/18/19,611.6369682,2
3/19/10,665.0571911,2,,3/19/11,625.2604477,2,,3/18/12,627.9933646,2,,3/19/13,631.5572354,2,,3/19/14,652.1436588,2,,3/19/15,618.8683233,2,,3/18/16,594.215096,2,,3/19/17,630.6439439,2,,3/19/18,615.3621681,2,,3/19/19,615.6094034,2
3/20/10,666.9762426,2,,3/20/11,629.3132387,2,,3/19/12,640.967087,2,,3/20/13,633.0063576,2,,3/20/14,690.7959281,2,,3/20/15,620.844673,2,,3/19/16,611.7664688,2,,3/20/17,634.7600835,2,,3/20/18,619.4610166,2,,3/20/19,629.7821867,2
3/21/10,682.9604513,2,,3/21/11,637.8050033,2,,3/20/12,668.8369722,2,,3/21/13,637.143293,2,,3/21/14,694.1105551,2,,3/21/15,651.2356252,2,,3/20/16,612.7041014,2,,3/21/17,637.3991893,2,,3/21/18,619.5995062,2,,3/21/19,629.9111307,2
3/22/10,685.8276669,2,,3/22/11,647.0364517,2,,3/21/12,675.6331185,2,,3/22/13,653.5374358,2,,3/22/14,702.8243111,2,,3/22/15,654.0050129,2,,3/21/16,615.3190253,2,,3/22/17,639.4016231,2,,3/22/18,625.9217197,2,,3/22/19,630.0861071,2
3/23/10,685.9339876,2,,3/23/11,659.8627386,2,,3/22/12,689.3309674,2,,3/23/13,655.4385613,2,,3/23/14,737.039263,2,,3/23/15,657.9354784,2,,3/22/16,617.4010192,2,,3/23/17,648.8451974,2,,3/23/18,636.2125211,2,,3/23/19,644.1300457,2
3/24/10,691.5091603,2,,3/24/11,671.4891142,2,,3/23/12,692.6525156,2,,3/24/13,658.0817563,2,,3/24/14,740.641223,2,,3/24/15,663.3224476,2,,3/23/16,617.426283,2,,3/24/17,666.0021125,2,,3/24/18,658.7132807,2,,3/24/19,646.2624292,2
3/25/10,697.8689312,2,,3/25/11,681.392393,2,,3/24/12,699.0331109,2,,3/25/13,659.5119487,2,,3/25/14,761.3119886,2,,3/25/15,669.2707055,2,,3/24/16,626.4875869,2,,3/25/17,668.2300647,2,,3/25/18,660.335449,2,,3/25/19,648.3620041,2
3/26/10,706.682663,2,,3/26/11,685.2457835,2,,3/25/12,707.5996078,2,,3/26/13,703.4853833,2,,3/26/14,767.1999868,2,,3/26/15,692.2892592,2,,3/25/16,631.6303561,2,,3/26/17,669.3657926,2,,3/26/18,673.243638,2,,3/26/19,678.3273165,2
3/27/10,715.1914292,2,,3/27/11,690.4597625,2,,3/26/12,733.7514336,2,,3/27/13,707.2985751,2,,3/27/14,780.4882648,2,,3/27/15,694.8875239,2,,3/26/16,647.5338228,2,,3/27/17,693.0320678,2,,3/27/18,673.5432595,2,,3/27/19,686.7444558,2
3/28/10,726.6914447,2,,3/28/11,698.3145519,2,,3/27/12,736.6377734,2,,3/28/13,718.182186,2,,3/28/14,782.9503057,2,,3/28/15,699.1167884,2,,3/27/16,655.178264,2,,3/28/17,696.0867712,2,,3/28/18,680.9946085,2,,3/28/19,687.3584708,2
3/29/10,741.0976058,2,,3/29/11,702.9828316,2,,3/28/12,748.8012891,2,,3/29/13,743.2593367,2,,3/29/14,784.8226285,2,,3/29/15,702.868865,2,,3/28/16,657.6538243,2,,3/29/17,710.5544436,2,,3/29/18,683.3350069,2,,3/29/19,705.5519883,2
3/30/10,749.3306528,2,,3/30/11,722.2496948,2,,3/29/12,754.7495112,2,,3/30/13,806.474961,2,,3/30/14,789.8990799,2,,3/30/15,709.0357802,2,,3/29/16,681.2397467,2,,3/30/17,722.4271111,2,,3/30/18,689.806411,2,,3/30/19,714.4278052,2
3/31/10,754.1865375,2,,3/31/11,751.6139905,2,,3/30/12,765.7666481,2,,3/31/13,807.465255,2,,3/31/14,795.6968675,2,,3/31/15,722.4914058,2,,3/30/16,682.0155228,2,,3/31/17,729.0708519,2,,3/31/18,690.6208757,2,,3/31/19,726.2093182,2
4/1/10,764.0489962,2,,4/1/11,759.597816,2,,3/31/12,770.2172591,2,,4/1/13,809.0033005,2,,4/1/14,813.2626134,2,,4/1/15,724.8359755,2,,3/31/16,682.1893895,2,,4/1/17,746.77993,2,,4/1/18,694.114681,2,,4/1/19,728.2244228,2
4/2/10,768.9501366,2,,4/2/11,783.4193785,2,,4/1/12,782.8558474,2,,4/2/13,811.3030347,2,,4/2/14,815.1188731,2,,4/2/15,733.0987875,2,,4/1/16,682.4701932,2,,4/2/17,748.5288186,2,,4/2/18,697.9672451,2,,4/2/19,739.8280764,2
4/3/10,774.7722787,2,,4/3/11,802.6031823,2,,4/2/12,786.2864883,2,,4/3/13,813.5144391,2,,4/3/14,827.2721788,2,,4/3/15,733.5034392,2,,4/2/16,683.2446842,2,,4/3/17,760.522388,2,,4/3/18,708.3937031,2,,4/3/19,744.1581512,2
4/4/10,783.9341402,2,,4/4/11,805.3706125,2,,4/3/12,801.262403,2,,4/4/13,824.6188618,2,,4/4/14,863.2180181,2,,4/4/15,739.6425105,2,,4/3/16,685.4423991,2,,4/4/17,773.858331,2,,4/4/18,719.5246407,2,,4/4/19,755.4071046,2
4/5/10,787.5126064,2,,4/5/11,809.5461465,2,,4/4/12,821.2566367,2,,4/5/13,835.8981993,2,,4/5/14,866.4011544,2,,4/5/15,744.3651724,2,,4/4/16,689.9275868,2,,4/5/17,777.6253848,2,,4/5/18,727.9097276,2,,4/5/19,762.5883853,2
4/6/10,789.2267353,2,,4/6/11,811.3952314,2,,4/5/12,855.2151659,2,,4/6/13,837.177243,2,,4/6/14,869.2168595,2,,4/6/15,748.51151,2,,4/5/16,692.7228866,2,,4/6/17,782.4917937,2,,4/6/18,750.2947554,2,,4/6/19,768.9012181,2
4/7/10,793.8479211,2,,4/7/11,815.1288215,2,,4/6/12,867.2589423,2,,4/7/13,837.7972256,2,,4/7/14,874.5678353,2,,4/7/15,762.1098124,2,,4/6/16,761.1671639,2,,4/7/17,789.7204136,2,,4/7/18,764.7163501,2,,4/7/19,776.8726802,2
4/8/10,797.0908472,2,,4/8/11,823.9462117,2,,4/7/12,867.8078357,2,,4/8/13,847.2558068,2,,4/8/14,883.4157631,2,,4/8/15,778.5186179,2,,4/7/16,766.9283318,2,,4/8/17,796.0557833,2,,4/8/18,767.6920501,2,,4/8/19,787.3414192,2
4/9/10,800.5958203,2,,4/9/11,824.569118,2,,4/8/12,871.1581723,2,,4/9/13,868.0748537,2,,4/9/14,884.5908044,2,,4/9/15,779.1636522,2,,4/8/16,775.8940909,2,,4/9/17,801.9647976,2,,4/9/18,769.7024788,2,,4/9/19,794.2533712,2
4/10/10,826.3153178,2,,4/10/11,830.9249089,2,,4/9/12,877.878854,2,,4/10/13,868.9634716,2,,4/10/14,916.9477977,2,,4/10/15,783.5278539,2,,4/9/16,784.8547258,2,,4/10/17,802.2894379,2,,4/10/18,772.5759011,2,,4/10/19,801.5317858,2
4/11/10,829.5860823,2,,4/11/11,837.3086441,2,,4/10/12,878.123879,2,,4/11/13,872.3083692,2,,4/11/14,922.6811702,2,,4/11/15,793.2575913,2,,4/10/16,797.1059928,2,,4/11/17,809.8054936,2,,4/11/18,776.0684229,2,,4/11/19,805.255077,2
4/12/10,841.5690694,2,,4/12/11,849.6407672,2,,4/11/12,889.7384677,2,,4/12/13,873.1636675,2,,4/12/14,931.2873055,2,,4/12/15,795.5857432,2,,4/11/16,799.3029804,2,,4/12/17,819.6341724,2,,4/12/18,776.9818329,2,,4/12/19,810.265383,2
4/13/10,849.6651827,2,,4/13/11,858.3310925,2,,4/12/12,890.953275,2,,4/13/13,882.9177735,2,,4/13/14,935.586572,2,,4/13/15,796.0787208,2,,4/12/16,799.3113159,2,,4/13/17,832.06237,2,,4/13/18,785.1200992,2,,4/13/19,813.2209945,2
4/14/10,862.6668708,2,,4/14/11,863.7009006,2,,4/13/12,892.4423471,2,,4/14/13,888.4009696,2,,4/14/14,970.2666302,2,,4/14/15,797.743418,2,,4/13/16,805.017361,2,,4/14/17,847.4535218,2,,4/14/18,802.5772192,2,,4/14/19,819.2901061,2
4/15/10,870.2569739,2,,4/15/11,873.7822147,2,,4/14/12,898.8094731,2,,4/15/13,907.0360616,2,,4/15/14,970.7046177,2,,4/15/15,820.4925468,2,,4/14/16,813.2932449,2,,4/15/17,860.7295252,2,,4/15/18,804.1640502,2,,4/15/19,835.7650552,2
4/16/10,873.8293841,2,,4/16/11,877.4663881,2,,4/15/12,905.7528578,2,,4/16/13,907.3470448,2,,4/16/14,974.6618244,2,,4/16/15,829.0992592,2,,4/15/16,814.8315772,2,,4/16/17,862.7804458,2,,4/16/18,804.3175737,2,,4/16/19,838.9609685,2
4/17/10,884.3214833,2,,4/17/11,901.0669895,2,,4/16/12,916.3548144,2,,4/17/13,920.8281026,2,,4/17/14,999.8627649,2,,4/17/15,848.9186673,2,,4/16/16,818.3441391,2,,4/17/17,868.3672192,2,,4/17/18,820.5561316,2,,4/17/19,844.1146366,2
4/18/10,897.4026707,2,,4/18/11,910.5593969,2,,4/17/12,919.7396347,2,,4/18/13,923.2123177,2,,4/18/14,1010.92252,2,,4/18/15,865.1629591,2,,4/17/16,818.5336844,2,,4/18/17,869.587236,2,,4/18/18,822.8838349,2,,4/18/19,861.9014947,2
4/19/10,909.4485493,2,,4/19/11,915.1101147,2,,4/18/12,926.3915187,2,,4/19/13,932.2640399,2,,4/19/14,1027.379547,2,,4/19/15,867.7293682,2,,4/18/16,818.8758204,2,,4/19/17,872.9948936,2,,4/19/18,828.8480752,2,,4/19/19,867.9612456,2
4/20/10,926.5283121,2,,4/20/11,923.3458377,2,,4/19/12,935.394679,2,,4/20/13,934.0584586,2,,4/20/14,1036.151693,2,,4/20/15,868.4152281,2,,4/19/16,818.9259729,2,,4/20/17,874.9002319,2,,4/20/18,830.0238343,2,,4/20/19,870.2507699,2
4/21/10,942.3321957,2,,4/21/11,927.8652144,2,,4/20/12,943.334837,2,,4/21/13,984.5610097,2,,4/21/14,1053.319855,2,,4/21/15,870.7776378,2,,4/20/16,841.3257887,2,,4/21/17,882.7485121,2,,4/21/18,832.5472074,2,,4/21/19,874.8865809,2
4/22/10,959.0667718,2,,4/22/11,936.1120755,2,,4/21/12,950.1804561,2,,4/22/13,985.2977645,2,,4/22/14,1061.552443,2,,4/22/15,888.7969153,2,,4/21/16,856.6576888,2,,4/22/17,920.2277453,2,,4/22/18,847.9431297,2,,4/22/19,875.1142675,2
4/23/10,960.5100117,2,,4/23/11,943.9771175,2,,4/22/12,950.2905268,2,,4/23/13,985.5497508,2,,4/23/14,1070.297021,2,,4/23/15,907.2869148,2,,4/22/16,868.0290836,2,,4/23/17,924.4809249,2,,4/23/18,856.3874754,2,,4/23/19,876.1193943,2
4/24/10,966.6144534,2,,4/24/11,948.8741535,2,,4/23/12,958.6671792,2,,4/24/13,999.0878795,2,,4/24/14,1080.728789,2,,4/24/15,916.1656972,2,,4/23/16,909.4738769,2,,4/24/17,924.8274052,2,,4/24/18,860.5880948,2,,4/24/19,878.4052003,2
4/25/10,969.8361079,2,,4/25/11,961.7067008,2,,4/24/12,960.3970289,2,,4/25/13,1011.667573,2,,4/25/14,1090.784513,2,,4/25/15,922.7802912,2,,4/24/16,911.459868,2,,4/25/17,944.4119808,2,,4/25/18,868.1952444,2,,4/25/19,890.7575214,2
4/26/10,971.2644171,2,,4/26/11,974.1520099,2,,4/25/12,963.0593201,2,,4/26/13,1013.526161,2,,4/26/14,1097.877431,2,,4/26/15,929.9079771,2,,4/25/16,912.728836,2,,4/26/17,944.7902777,2,,4/26/18,874.6739885,2,,4/26/19,897.2404835,2
4/27/10,974.7396035,2,,4/27/11,983.3805782,2,,4/26/12,965.5958158,2,,4/27/13,1017.396104,2,,4/27/14,1103.834466,2,,4/27/15,931.9502351,2,,4/26/16,919.1812929,2,,4/27/17,951.3646996,2,,4/27/18,874.8860666,2,,4/27/19,907.7201416,2
4/28/10,974.8171145,2,,4/28/11,988.6675074,2,,4/27/12,971.716719,2,,4/28/13,1031.40966,2,,4/28/14,1111.982577,2,,4/28/15,951.1634669,2,,4/27/16,923.0337519,2,,4/28/17,959.4004341,2,,4/28/18,889.1971452,2,,4/28/19,908.9376141,2
4/29/10,978.2053101,2,,4/29/11,988.9620895,2,,4/28/12,977.6089308,2,,4/29/13,1034.129101,2,,4/29/14,1115.190976,2,,4/29/15,955.0095024,2,,4/28/16,927.8067863,2,,4/29/17,963.5603335,2,,4/29/18,893.7168831,2,,4/29/19,927.627359,2
4/30/10,998.9801553,2,,4/30/11,1011.933966,2,,4/29/12,983.0418325,2,,4/30/13,1040.788207,2,,4/30/14,1124.820769,2,,4/30/15,955.9100772,2,,4/29/16,932.4264936,2,,4/30/17,964.4102387,2,,4/30/18,924.5968639,2,,4/30/19,928.1553695,2
5/1/10,1002.88868,2,,5/1/11,1023.069483,2,,4/30/12,987.1205871,2,,5/1/13,1057.190755,2,,5/1/14,1128.509992,2,,5/1/15,959.9094381,2,,4/30/16,947.391634,2,,5/1/17,965.2577571,2,,5/1/18,926.9283974,2,,5/1/19,950.4862019,2
5/2/10,1008.359663,2,,5/2/11,1032.605191,2,,5/1/12,994.9542721,2,,5/2/13,1057.756684,2,,5/2/14,1129.147502,2,,5/2/15,961.9387138,2,,5/1/16,960.4339434,2,,5/2/17,965.9661864,2,,5/2/18,942.6237694,2,,5/2/19,957.6658025,2
5/3/10,1017.468138,2,,5/3/11,1033.514231,2,,5/2/12,1007.971151,2,,5/3/13,1062.852196,2,,5/3/14,1130.005751,2,,5/3/15,975.6034111,2,,5/2/16,971.2420715,2,,5/3/17,976.3059235,2,,5/3/18,943.2130901,2,,5/3/19,963.0512877,2
5/4/10,1020.703997,2,,5/4/11,1039.253953,2,,5/3/12,1010.489135,2,,5/4/13,1072.514787,2,,5/4/14,1132.263768,2,,5/4/15,978.5777752,2,,5/3/16,973.4735629,2,,5/4/17,979.7154309,2,,5/4/18,946.9490724,2,,5/4/19,968.0248221,2
5/5/10,1020.73905,2,,5/5/11,1039.445793,2,,5/4/12,1029.628339,2,,5/5/13,1081.727411,2,,5/5/14,1149.295587,2,,5/5/15,978.8908438,2,,5/4/16,973.5637917,2,,5/5/17,993.3871745,2,,5/5/18,948.688176,2,,5/5/19,969.3524459,2
5/6/10,1020.958205,2,,5/6/11,1040.533776,2,,5/5/12,1032.408982,2,,5/6/13,1083.889088,2,,5/6/14,1150.472618,2,,5/6/15,985.2190858,2,,5/5/16,976.0820902,2,,5/6/17,993.9229879,2,,5/6/18,973.1355644,2,,5/6/19,971.8492076,2
5/7/10,1035.929122,2,,5/7/11,1046.275688,2,,5/6/12,1065.288051,2,,5/7/13,1086.797986,2,,5/7/14,1154.607567,2,,5/7/15,994.784307,2,,5/6/16,991.6690511,2,,5/7/17,1008.092877,2,,5/7/18,979.9960402,2,,5/7/19,984.9923008,2
5/8/10,1038.594484,2,,5/8/11,1049.893564,2,,5/7/12,1071.692118,2,,5/8/13,1087.937088,2,,5/8/14,1189.462803,2,,5/8/15,1009.771402,2,,5/7/16,1008.370898,2,,5/8/17,1018.168876,2,,5/8/18,988.9943975,2,,5/8/19,990.0857779,2
5/9/10,1041.530524,2,,5/9/11,1061.360174,2,,5/8/12,1084.012215,2,,5/9/13,1099.892163,2,,5/9/14,1190.19758,2,,5/9/15,1011.270282,2,,5/8/16,1009.991643,2,,5/9/17,1019.046796,2,,5/9/18,990.4657248,2,,5/9/19,1012.960162,2
5/10/10,1043.600036,2,,5/10/11,1061.606378,2,,5/9/12,1094.873988,2,,5/10/13,1109.706259,2,,5/10/14,1192.17533,2,,5/10/15,1023.646007,2,,5/9/16,1013.721107,2,,5/10/17,1024.049765,2,,5/10/18,993.2850853,2,,5/10/19,1015.873839,2
5/11/10,1047.076893,2,,5/11/11,1065.402697,2,,5/10/12,1096.947308,2,,5/11/13,1145.34513,2,,5/11/14,1192.456399,2,,5/11/15,1032.170385,2,,5/10/16,1016.418405,2,,5/11/17,1024.845739,2,,5/11/18,999.2467346,2,,5/11/19,1048.758986,2
5/12/10,1062.868827,2,,5/12/11,1069.1012,2,,5/11/12,1102.711028,2,,5/12/13,1160.912238,2,,5/12/14,1206.545556,2,,5/12/15,1032.421041,2,,5/11/16,1018.299708,2,,5/12/17,1025.668611,2,,5/12/18,1005.480933,2,,5/12/19,1050.265886,2
5/13/10,1067.278613,2,,5/13/11,1069.73932,2,,5/12/12,1106.66648,2,,5/13/13,1169.955225,2,,5/13/14,1208.858081,2,,5/13/15,1038.175307,2,,5/12/16,1022.806358,2,,5/13/17,1035.596967,2,,5/13/18,1028.986593,2,,5/13/19,1079.535645,2
5/14/10,1068.189066,2,,5/14/11,1078.347129,2,,5/13/12,1110.320325,2,,5/14/13,1178.203319,2,,5/14/14,1223.630525,2,,5/14/15,1040.159651,2,,5/13/16,1027.26963,2,,5/14/17,1055.483216,2,,5/14/18,1043.004333,2,,5/14/19,1079.871164,2
5/15/10,1089.057494,2,,5/15/11,1086.131452,2,,5/14/12,1112.664647,2,,5/15/13,1189.866594,2,,5/15/14,1226.453324,2,,5/15/15,1044.940632,2,,5/14/16,1034.362671,2,,5/15/17,1105.280233,2,,5/15/18,1043.20075,2,,5/15/19,1089.089182,2
5/16/10,1093.080733,2,,5/16/11,1100.435962,2,,5/15/12,1119.459806,2,,5/16/13,1204.656554,2,,5/16/14,1228.991417,2,,5/16/15,1065.484823,2,,5/15/16,1043.994407,2,,5/16/17,1107.948163,2,,5/16/18,1044.241564,2,,5/16/19,1098.236218,2
5/17/10,1094.405691,2,,5/17/11,1101.746787,2,,5/16/12,1122.762724,2,,5/17/13,1227.570843,2,,5/17/14,1229.079923,2,,5/17/15,1075.758024,2,,5/16/16,1047.288351,2,,5/17/17,1124.172657,2,,5/17/18,1054.563777,2,,5/17/19,1103.486508,2
5/18/10,1103.270308,2,,5/18/11,1107.887495,2,,5/17/12,1124.069975,2,,5/18/13,1233.100425,2,,5/18/14,1280.541689,2,,5/18/15,1090.775714,2,,5/17/16,1050.998149,2,,5/18/17,1151.070539,2,,5/18/18,1057.056995,2,,5/18/19,1140.439758,2
5/19/10,1108.365359,2,,5/19/11,1125.3539,2,,5/18/12,1152.681103,2,,5/19/13,1234.851289,2,,5/19/14,1288.178695,2,,5/19/15,1102.11421,2,,5/18/16,1063.037306,2,,5/19/17,1154.897091,2,,5/19/18,1059.399244,2,,5/19/19,1143.274785,2
5/20/10,1112.884983,2,,5/20/11,1128.791118,2,,5/19/12,1160.495648,2,,5/20/13,1246.294726,2,,5/20/14,1291.094299,2,,5/20/15,1103.653997,2,,5/19/16,1066.178326,2,,5/20/17,1181.976708,2,,5/20/18,1062.43402,2,,5/20/19,1175.898722,2
5/21/10,1126.895345,2,,5/21/11,1140.303757,2,,5/20/12,1160.866624,2,,5/21/13,1265.753067,2,,5/21/14,1291.769979,2,,5/21/15,1111.459207,2,,5/20/16,1067.702756,2,,5/21/17,1189.764096,2,,5/21/18,1063.577468,2,,5/21/19,1190.852412,2
5/22/10,1140.836923,2,,5/22/11,1155.427894,2,,5/21/12,1162.23331,2,,5/22/13,1267.491242,2,,5/22/14,1294.420607,2,,5/22/15,1113.4953,2,,5/21/16,1067.954559,2,,5/22/17,1212.930402,2,,5/22/18,1072.252731,2,,5/22/19,1195.505876,2
5/23/10,1141.043362,2,,5/23/11,1171.901569,2,,5/22/12,1162.390029,2,,5/23/13,1283.875591,2,,5/23/14,1297.671081,2,,5/23/15,1129.978839,2,,5/22/16,1080.994876,2,,5/23/17,1215.051836,2,,5/23/18,1072.782017,2,,5/23/19,1198.322391,2
5/24/10,1144.181534,2,,5/24/11,1191.458436,2,,5/23/12,1164.95657,2,,5/24/13,1292.432702,2,,5/24/14,1323.745107,2,,5/24/15,1145.452378,2,,5/23/16,1091.601707,2,,5/24/17,1222.617,2,,5/24/18,1073.251725,2,,5/24/19,1206.667848,2
5/25/10,1165.140212,2,,5/25/11,1205.568324,2,,5/24/12,1190.160021,2,,5/25/13,1297.94212,2,,5/25/14,1334.52098,2,,5/25/15,1156.960889,2,,5/24/16,1095.928658,2,,5/25/17,1223.331452,2,,5/25/18,1082.555699,2,,5/25/19,1217.292556,2
5/26/10,1182.731943,2,,5/26/11,1205.718283,2,,5/25/12,1191.663569,2,,5/26/13,1299.953514,2,,5/26/14,1334.557138,2,,5/26/15,1185.779194,2,,5/25/16,1108.128314,2,,5/26/17,1227.497914,2,,5/26/18,1087.565654,2,,5/26/19,1220.832494,2
5/27/10,1184.399917,2,,5/27/11,1210.354278,2,,5/26/12,1206.706148,2,,5/27/13,1300.848666,2,,5/27/14,1336.517545,2,,5/27/15,1186.578141,2,,5/26/16,1111.165533,2,,5/27/17,1243.947766,2,,5/27/18,1097.084898,2,,5/27/19,1229.781036,2
5/28/10,1191.159315,2,,5/28/11,1225.039297,2,,5/27/12,1209.550777,2,,5/28/13,1308.825321,2,,5/28/14,1340.295178,2,,5/28/15,1188.336705,2,,5/27/16,1128.928414,2,,5/28/17,1262.883449,2,,5/28/18,1103.15793,2,,5/28/19,1242.098709,2
5/29/10,1197.070506,2,,5/29/11,1232.243805,2,,5/28/12,1221.594008,2,,5/29/13,1311.730765,2,,5/29/14,1341.105674,2,,5/29/15,1207.243723,2,,5/28/16,1134.546195,2,,5/29/17,1274.122323,2,,5/29/18,1111.099559,2,,5/29/19,1247.503618,2
5/30/10,1217.757411,2,,5/30/11,1265.825171,2,,5/29/12,1233.074133,2,,5/30/13,1327.152713,2,,5/30/14,1344.415499,2.386281133,,5/30/15,1213.292943,2,,5/29/16,1140.595991,2,,5/30/17,1285.246632,2,,5/30/18,1118.921917,2,,5/30/19,1252.104906,2
5/31/10,1219.644584,2,,5/31/11,1267.138898,2,,5/30/12,1233.832302,2,,5/31/13,1333.103923,2.171874889,,5/31/14,1347.299874,3,,5/31/15,1216.455272,2,,5/30/16,1154.824396,2,,5/31/17,1289.32695,2,,5/31/18,1121.796919,2,,5/31/19,1263.686807,2
6/1/10,1220.336542,2,,6/1/11,1280.280129,2,,5/31/12,1245.077448,2,,6/1/13,1339.541339,3,,6/1/14,1365.935997,3,,6/1/15,1217.814919,2,,5/31/16,1172.977412,2,,6/1/17,1318.051058,2,,6/1/18,1123.011902,2,,6/1/19,1267.99016,2
6/2/10,1222.668326,2,,6/2/11,1285.927764,2,,6/1/12,1249.280613,2,,6/2/13,1342.728878,3,,6/2/14,1375.561954,3,,6/2/15,1239.655642,2,,6/1/16,1184.105729,2,,6/2/17,1320.218098,2,,6/2/18,1126.234368,2,,6/2/19,1289.023526,2
6/3/10,1232.894148,2,,6/3/11,1292.649123,2,,6/2/12,1254.401937,2,,6/3/13,1343.256905,3,,6/3/14,1381.300842,3,,6/3/15,1241.199637,2,,6/2/16,1196.67871,2,,6/3/17,1324.32315,2,,6/3/18,1128.423943,2,,6/3/19,1290.517317,2
6/4/10,1239.827139,2,,6/4/11,1296.035982,2,,6/3/12,1259.796563,2,,6/4/13,1346.621116,3,,6/4/14,1384.967953,3,,6/4/15,1252.759323,2,,6/3/16,1199.238092,2,,6/4/17,1336.009779,2,,6/4/18,1178.511195,2,,6/4/19,1295.239195,2
6/5/10,1271.249734,2,,6/5/11,1299.893272,2,,6/4/12,1260.489204,2,,6/5/13,1349.197517,3,,6/5/14,1404.460735,3,,6/5/15,1260.109709,2,,6/4/16,1204.696735,2,,6/5/17,1352.45925,2,,6/5/18,1180.608626,2,,6/5/19,1315.37537,2
6/6/10,1276.592453,2,,6/6/11,1305.954616,2,,6/5/12,1268.295114,2,,6/6/13,1357.403335,3,,6/6/14,1419.563135,3,,6/6/15,1263.668484,2,,6/5/16,1210.461239,2,,6/6/17,1353.263648,2,,6/6/18,1183.114301,2,,6/6/19,1316.857307,2
6/7/10,1279.416249,2,,6/7/11,1306.549494,2,,6/6/12,1271.205072,2,,6/7/13,1364.189265,3,,6/7/14,1419.976413,3,,6/7/15,1267.324977,2,,6/6/16,1214.626227,2,,6/7/17,1357.576137,2,,6/7/18,1187.810902,2,,6/7/19,1326.759475,2
6/8/10,1281.668169,2,,6/8/11,1308.20109,2,,6/7/12,1290.482015,2,,6/8/13,1364.805984,3,,6/8/14,1421.064564,3,,6/8/15,1272.481613,2,,6/7/16,1223.720909,2,,6/8/17,1366.626599,2,,6/8/18,1191.107465,2,,6/8/19,1330.451854,2
6/9/10,1284.08144,2,,6/9/11,1316.810398,2.709962498,,6/8/12,1300.245143,2,,6/9/13,1365.57411,3,,6/9/14,1428.616892,3,,6/9/15,1279.075026,2,,6/8/16,1230.009141,2,,6/9/17,1368.797103,2,,6/9/18,1199.175467,2,,6/9/19,1362.598748,2
6/10/10,1318.73424,2.540627018,,6/10/11,1323.333568,3,,6/9/12,1313.337619,2,,6/10/13,1378.79674,3,,6/10/14,1428.954889,3,,6/10/15,1284.636254,2,,6/9/16,1247.010617,2,,6/10/17,1368.828315,2,,6/10/18,1214.333945,2,,6/10/19,1369.194755,2
6/11/10,1326.127237,3,,6/11/11,1342.054497,3,,6/10/12,1313.577584,2,,6/11/13,1392.389728,3,,6/11/14,1430.628947,3,,6/11/15,1295.968997,2,,6/10/16,1253.082579,2,,6/11/17,1369.916267,2,,6/11/18,1242.875827,2,,6/11/19,1370.452792,2
6/12/10,1354.621141,3,,6/12/11,1347.379831,3,,6/11/12,1316.306546,2,,6/12/13,1411.248115,3,,6/12/14,1439.268274,3,,6/12/15,1299.167177,2,,6/11/16,1254.661039,2,,6/12/17,1370.28763,2,,6/12/18,1250.315789,2,,6/12/19,1381.633929,2
6/13/10,1355.970938,3,,6/13/11,1347.97607,3,,6/12/12,1323.790684,2.80733651,,6/13/13,1411.917639,3,,6/13/14,1441.014661,3,,6/13/15,1316.907424,2,,6/12/16,1256.120481,2,,6/13/17,1396.068543,2.647683156,,6/13/18,1250.342565,2,,6/13/19,1385.833416,2
6/14/10,1366.09211,3,,6/14/11,1367.591037,3,,6/13/12,1330.994891,3,,6/14/13,1419.138481,3,,6/14/14,1460.320855,3,,6/14/15,1323.82959,2,,6/13/16,1256.461116,2,,6/14/17,1407.685499,3,,6/14/18,1267.278475,2,,6/14/19,1385.851749,2
6/15/10,1371.391778,3,,6/15/11,1370.861315,3,,6/14/12,1342.235229,3,,6/15/13,1420.325254,3,,6/15/14,1465.441003,3,,6/15/15,1328.32635,2,,6/14/16,1277.467643,2,,6/15/17,1408.432427,3,,6/15/18,1267.861613,2,,6/15/19,1387.381191,2
6/16/10,1376.453059,3,,6/16/11,1380.575291,3,,6/15/12,1346.867171,3,,6/16/13,1433.654108,3,,6/16/14,1468.287322,3,,6/16/15,1330.800658,2,,6/15/16,1292.615947,2,,6/16/17,1430.11172,3,,6/16/18,1276.123155,2,,6/16/19,1390.929351,2
6/17/10,1384.237845,3,,6/17/11,1386.26748,3,,6/16/12,1347.218551,3,,6/17/13,1441.345929,3,,6/17/14,1488.293715,3,,6/17/15,1342.130635,2,,6/16/16,1293.066274,2,,6/17/17,1436.754444,3,,6/17/18,1280.543713,2,,6/17/19,1395.373557,2
6/18/10,1385.992531,3,,6/18/11,1388.702733,3,,6/17/12,1351.379535,3,,6/18/13,1450.933848,3,,6/18/14,1491.934129,3,,6/18/15,1350.190344,2,,6/17/16,1296.495593,2,,6/18/17,1437.603146,3,,6/18/18,1293.833059,2,,6/18/19,1396.028673,2
6/19/10,1390.367341,3,,6/19/11,1391.592269,3,,6/18/12,1354.571982,3,,6/19/13,1462.522677,3,,6/19/14,1493.034348,3,,6/19/15,1351.663927,2,,6/18/16,1301.115702,2,,6/19/17,1453.528471,3,,6/19/18,1296.320483,2,,6/19/19,1401.113163,2
6/20/10,1424.501904,3,,6/20/11,1392.245329,3,,6/19/12,1376.830465,3,,6/20/13,1462.922003,3,,6/20/14,1517.13127,3,,6/20/15,1353.88393,2,,6/19/16,1303.272742,2,,6/20/17,1455.120767,3,,6/20/18,1304.504698,2,,6/20/19,1427.730195,2.832854026
6/21/10,1436.556614,3,,6/21/11,1397.086446,3,,6/20/12,1381.404144,3,,6/21/13,1482.509588,3,,6/21/14,1517.163425,3,,6/21/15,1361.779021,2,,6/20/16,1310.035687,2,,6/21/17,1458.951737,3,,6/21/18,1306.324674,2,,6/21/19,1435.223643,3
6/22/10,1449.618942,3,,6/22/11,1397.897005,3,,6/21/12,1383.46777,3,,6/22/13,1493.065201,3,,6/22/14,1517.458888,3,,6/22/15,1375.010523,2.476355884,,6/21/16,1311.124326,2,,6/22/17,1467.790316,3,,6/22/18,1307.289841,2,,6/22/19,1445.956973,3
6/23/10,1452.469722,3,,6/23/11,1398.271132,3,,6/22/12,1390.271878,3,,6/23/13,1496.317496,3,,6/23/14,1521.382016,3,,6/23/15,1394.665225,3,,6/22/16,1311.443109,2,,6/23/17,1471.127811,3,,6/23/18,1308.914087,2,,6/23/19,1461.91626,3
6/24/10,1458.706934,3,,6/24/11,1401.794289,3,,6/23/12,1392.974818,3,,6/24/13,1498.380309,3,,6/24/14,1523.427377,3,,6/24/15,1410.673714,3,,6/23/16,1318.758782,2,,6/24/17,1471.243891,3,,6/24/18,1317.188924,2,,6/24/19,1464.300207,3
6/25/10,1469.998588,3,,6/25/11,1406.861894,3,,6/24/12,1397.698896,3,,6/25/13,1505.642869,3,,6/25/14,1526.817619,3,,6/25/15,1411.820712,3,,6/24/16,1329.994284,2,,6/25/17,1474.09943,3,,6/25/18,1336.331464,2,,6/25/19,1472.451717,3
6/26/10,1474.250037,3,,6/26/11,1408.753129,3,,6/25/12,1399.242308,3,,6/26/13,1506.339771,3,,6/26/14,1529.291675,3,,6/26/15,1413.002559,3,,6/25/16,1340.062897,2,,6/26/17,1493.491646,3,,6/26/18,1341.374092,2,,6/26/19,1481.297525,3
6/27/10,1492.830282,3,,6/27/11,1409.057496,3,,6/26/12,1402.751395,3,,6/27/13,1513.248599,3,,6/27/14,1556.80681,3,,6/27/15,1419.778033,3,,6/26/16,1341.028522,2,,6/27/17,1497.656809,3,,6/27/18,1343.509902,2,,6/27/19,1482.154277,3
6/28/10,1494.998569,3,,6/28/11,1412.404231,3,,6/27/12,1412.619547,3,,6/28/13,1523.731157,3,,6/28/14,1559.996706,3,,6/28/15,1440.792997,3,,6/27/16,1344.646322,2,,6/28/17,1507.542678,3,,6/28/18,1350.726153,2,,6/28/19,1498.675364,3
6/29/10,1496.025377,3,,6/29/11,1426.367152,3,,6/28/12,1412.751412,3,,6/29/13,1530.702031,3,,6/29/14,1563.713704,3,,6/29/15,1458.862697,3,,6/28/16,1357.651207,2,,6/29/17,1511.249557,3,,6/29/18,1365.975658,2,,6/29/19,1499.490696,3
6/30/10,1566.221274,3,,6/30/11,1434.110095,3,,6/29/12,1419.48929,3,,6/30/13,1533.159749,3,,6/30/14,1569.769788,3,,6/30/15,1461.34543,3,,6/29/16,1361.746531,2,,6/30/17,1516.331203,3,,6/30/18,1366.791481,2,,6/30/19,1513.359238,3
7/1/10,1566.535628,3,,7/1/11,1438.34169,3,,6/30/12,1419.981855,3,,7/1/13,1540.605647,3,,7/1/14,1571.041684,3,,7/1/15,1471.712941,3,,6/30/16,1370.533148,2,,7/1/17,1516.931003,3,,7/1/18,1367.863716,2,,7/1/19,1519.978423,3
7/2/10,1578.742942,3,,7/2/11,1439.447987,3,,7/1/12,1443.729468,3,,7/2/13,1544.461195,3,,7/2/14,1582.289389,3,,7/2/15,1473.619468,3,,7/1/16,1391.137284,2.893731767,,7/2/17,1517.598145,3,,7/2/18,1376.644288,2,,7/2/19,1525.309994,3
7/3/10,1579.566838,3,,7/3/11,1444.716829,3,,7/2/12,1448.896177,3,,7/3/13,1553.674066,3,,7/3/14,1594.347729,3,,7/3/15,1474.990682,3,,7/2/16,1392.389786,3,,7/3/17,1524.492537,3,,7/3/18,1377.475683,2,,7/3/19,1526.773933,3
7/4/10,1584.01456,3,,7/4/11,1461.777895,3,,7/3/12,1459.822319,3,,7/4/13,1554.466795,3,,7/4/14,1594.964101,3,,7/4/15,1475.966221,3,,7/3/16,1420.047352,3,,7/4/17,1526.741287,3,,7/4/18,1379.880298,2,,7/4/19,1529.402603,3
7/5/10,1586.449741,3,,7/5/11,1467.003849,3,,7/4/12,1461.82456,3,,7/5/13,1565.767977,3,,7/5/14,1610.678857,3,,7/5/15,1480.477633,3,,7/4/16,1426.626504,3,,7/5/17,1537.67488,3,,7/5/18,1408.720544,2.693167432,,7/5/19,1540.750313,3
7/6/10,1608.896134,3,,7/6/11,1474.135854,3,,7/5/12,1466.605749,3,,7/6/13,1571.457358,3,,7/6/14,1619.858683,3,,7/6/15,1495.16781,3,,7/5/16,1426.848935,3,,7/6/17,1539.648395,3,,7/6/18,1442.169011,3,,7/6/19,1542.725437,3
7/7/10,1614.131239,3,,7/7/11,1487.766516,3,,7/6/12,1472.416812,3,,7/7/13,1574.553368,3,,7/7/14,1625.331395,3,,7/7/15,1506.330906,3,,7/6/16,1440.238567,3,,7/7/17,1542.021683,3,,7/7/18,1442.608872,3,,7/7/19,1566.719669,3
7/8/10,1620.020063,3,,7/8/11,1490.101889,3,,7/7/12,1475.825113,3,,7/8/13,1580.89128,3,,7/8/14,1635.890967,3,,7/8/15,1515.987728,3,,7/7/16,1445.163898,3,,7/8/17,1546.436418,3,,7/8/18,1446.725845,3,,7/8/19,1582.483079,3
7/9/10,1622.789157,3,,7/9/11,1493.931708,3,,7/8/12,1479.349349,3,,7/9/13,1593.498699,3,,7/9/14,1639.889618,3,,7/9/15,1516.911669,3,,7/8/16,1450.326485,3,,7/9/17,1564.150203,3,,7/9/18,1467.302352,3,,7/9/19,1586.903192,3
7/10/10,1628.794919,3,,7/10/11,1494.528421,3,,7/9/12,1492.254057,3,,7/10/13,1600.36036,3,,7/10/14,1645.549438,3,,7/10/15,1544.862285,3,,7/9/16,1464.295258,3,,7/10/17,1569.1539,3,,7/10/18,1486.036452,3,,7/10/19,1606.14223,3
7/11/10,1640.533156,3,,7/11/11,1497.449886,3,,7/10/12,1504.558327,3,,7/11/13,1601.99685,3,,7/11/14,1652.466316,3,,7/11/15,1546.541213,3,,7/10/16,1488.100126,3,,7/11/17,1570.341618,3,,7/11/18,1495.653174,3,,7/11/19,1611.746833,3
7/12/10,1644.370345,3,,7/12/11,1499.894072,3,,7/11/12,1509.752934,3,,7/12/13,1612.631289,3,,7/12/14,1658.886623,3,,7/12/15,1556.420893,3,,7/11/16,1489.685692,3,,7/12/17,1575.192453,3,,7/12/18,1499.503542,3,,7/12/19,1613.527958,3
7/13/10,1650.506637,3,,7/13/11,1504.225389,3,,7/12/12,1530.817657,3,,7/13/13,1613.497297,3,,7/13/14,1667.216947,3,,7/13/15,1590.020024,3,,7/12/16,1495.148902,3,,7/13/17,1581.503334,3,,7/13/18,1505.29364,3,,7/13/19,1621.703023,3
7/14/10,1658.481625,3,,7/14/11,1508.380371,3,,7/13/12,1530.927735,3,,7/14/13,1628.686228,3,,7/14/14,1672.557105,3,,7/14/15,1593.248491,3,,7/13/16,1505.866314,3,,7/14/17,1582.924557,3,,7/14/18,1507.536673,3,,7/14/19,1625.157716,3
7/15/10,1666.795656,3,,7/15/11,1514.281045,3,,7/14/12,1535.762201,3,,7/15/13,1633.472783,3,,7/15/14,1685.626174,3,,7/15/15,1596.988892,3,,7/14/16,1506.420837,3,,7/15/17,1584.434148,3,,7/15/18,1515.913218,3,,7/15/19,1625.341895,3
7/16/10,1692.845061,3,,7/16/11,1534.382621,3,,7/15/12,1549.547956,3,,7/16/13,1636.274871,3,,7/16/14,1695.500731,3,,7/16/15,1597.872956,3,,7/15/16,1536.519374,3,,7/16/17,1589.539004,3,,7/16/18,1518.147972,3,,7/16/19,1625.511254,3
7/17/10,1695.679026,3,,7/17/11,1549.183625,3,,7/16/12,1551.448475,3,,7/17/13,1641.248468,3,,7/17/14,1712.422583,3,,7/17/15,1601.599706,3,,7/16/16,1543.868841,3,,7/17/17,1591.201338,3,,7/17/18,1526.636315,3,,7/17/19,1625.93068,3
7/18/10,1697.079017,3,,7/18/11,1567.989212,3,,7/17/12,1554.413338,3,,7/18/13,1643.717973,3,,7/18/14,1715.525301,3,,7/18/15,1607.557307,3,,7/17/16,1547.221839,3,,7/18/17,1592.178606,3,,7/18/18,1529.058782,3,,7/18/19,1632.560585,3
7/19/10,1711.580383,3,,7/19/11,1571.893437,3,,7/18/12,1554.461142,3,,7/19/13,1650.223987,3,,7/19/14,1728.270728,3,,7/19/15,1610.574032,3,,7/18/16,1557.915365,3,,7/19/17,1600.181825,3,,7/19/18,1553.689215,3,,7/19/19,1636.623887,3
7/20/10,1712.971939,3,,7/20/11,1572.491356,3,,7/19/12,1560.50661,3,,7/20/13,1650.746008,3,,7/20/14,1728.61674,3,,7/20/15,1614.497598,3,,7/19/16,1562.427625,3,,7/20/17,1602.363691,3,,7/20/18,1563.281831,3,,7/20/19,1637.572107,3
7/21/10,1717.650124,3,,7/21/11,1574.889046,3,,7/20/12,1570.233121,3,,7/21/13,1650.87557,3,,7/21/14,1735.709967,3,,7/21/15,1616.66849,3,,7/20/16,1575.905095,3,,7/21/17,1604.853441,3,,7/21/18,1581.577263,3,,7/21/19,1639.280898,3
7/22/10,1728.235906,3,,7/22/11,1578.685234,3,,7/21/12,1572.00826,3,,7/22/13,1654.952602,3,,7/22/14,1741.575998,3,,7/22/15,1646.224974,3,,7/21/16,1580.01926,3,,7/22/17,1619.516181,3,,7/22/18,1584.465669,3,,7/22/19,1670.222925,3
7/23/10,1758.608405,3.001503357,,7/23/11,1590.025726,3,,7/22/12,1593.359906,3,,7/23/13,1656.247213,3,,7/23/14,1757.396825,3,,7/23/15,1650.492416,3,,7/22/16,1582.568805,3,,7/23/17,1620.185461,3,,7/23/18,1613.24366,3,,7/23/19,1681.689799,3
7/24/10,1767.044044,3.013826225,,7/24/11,1591.778207,3,,7/23/12,1594.823034,3,,7/24/13,1663.151997,3,,7/24/14,1760.686811,3,,7/24/15,1654.79655,3,,7/23/16,1591.534893,3,,7/24/17,1628.908276,3,,7/24/18,1634.945088,3,,7/24/19,1681.7922,3
7/25/10,1778.874491,3.023959268,,7/25/11,1593.415952,3,,7/24/12,1600.303238,3,,7/25/13,1679.218703,3,,7/25/14,1761.870257,3,,7/25/15,1657.521985,3,,7/24/16,1600.744635,3,,7/25/17,1629.861792,3,,7/25/18,1641.49194,3,,7/25/19,1683.917575,3
7/26/10,1784.876503,3.032875497,,7/26/11,1595.169854,3,,7/25/12,1616.059977,3,,7/26/13,1688.948335,3,,7/26/14,1771.343768,3,,7/26/15,1672.327195,3,,7/25/16,1603.999053,3,,7/26/17,1632.145942,3,,7/26/18,1651.585247,3,,7/26/19,1687.379161,3
7/27/10,1789.481856,3.03817918,,7/27/11,1598.069433,3,,7/26/12,1619.859486,3,,7/27/13,1689.255053,3,,7/27/14,1779.812997,3,,7/27/15,1681.057741,3,,7/26/16,1607.030716,3,,7/27/17,1660.283524,3,,7/27/18,1668.054645,3,,7/27/19,1692.873164,3
7/28/10,1800.23227,3.045857063,,7/28/11,1604.296125,3,,7/27/12,1630.542796,3,,7/28/13,1692.989936,3,,7/28/14,1808.005448,3,,7/28/15,1688.655803,3,,7/27/16,1612.463107,3,,7/28/17,1661.587542,3,,7/28/18,1678.530226,3,,7/28/19,1728.026102,3
7/29/10,1802.648889,3.05244058,,7/29/11,1616.794646,3,,7/28/12,1638.961922,3,,7/29/13,1708.33961,3,,7/29/14,1809.617492,3,,7/29/15,1690.500523,3,,7/28/16,1614.059254,3,,7/29/17,1666.807,3,,7/29/18,1683.16668,3,,7/29/19,1732.266127,3
7/30/10,1809.476287,3.057062588,,7/30/11,1621.169298,3,,7/29/12,1640.72091,3,,7/30/13,1714.834757,3,,7/30/14,1811.312701,3,,7/30/15,1708.616596,3,,7/29/16,1618.115682,3,,7/30/17,1667.054246,3,,7/30/18,1684.681461,3,,7/30/19,1767.52701,3
7/31/10,1813.00806,3.062242174,,7/31/11,1641.643548,3,,7/30/12,1654.853673,3,,7/31/13,1742.84648,3,,7/31/14,1827.368704,3.005561797,,7/31/15,1722.619779,3,,7/30/16,1626.985173,3,,7/31/17,1676.523204,3,,7/31/18,1693.654157,3,,7/31/19,1783.08708,3
8/1/10,1816.62208,3.06581507,,8/1/11,1642.80203,3,,7/31/12,1670.861567,3,,8/1/13,1754.467586,3,,8/1/14,1843.020603,3.021227459,,8/1/15,1757.462207,3,,7/31/16,1641.818364,3,,8/1/17,1733.6623,3,,8/1/18,1696.738303,3,,8/1/19,1792.179921,3
8/2/10,1817.0031,3.06781259,,8/2/11,1673.423577,3,,8/1/12,1672.522503,3,,8/2/13,1758.666988,3,,8/2/14,1846.136914,3.030611564,,8/2/15,1759.463689,3,,8/1/16,1643.910315,3,,8/2/17,1736.391891,3,,8/2/18,1711.436857,3,,8/2/19,1796.113744,3
8/3/10,1823.105115,3.071054108,,8/3/11,1689.027588,3,,8/2/12,1678.445044,3,,8/3/13,1759.803413,3,,8/3/14,1852.434647,3.035318586,,8/3/15,1760.418528,3,,8/2/16,1648.182864,3,,8/3/17,1736.740027,3,,8/3/18,1713.597392,3,,8/3/19,1798.464054,3
8/4/10,1837.243141,3.081174128,,8/4/11,1702.47609,3,,8/3/12,1684.891822,3,,8/4/13,1764.349027,3,,8/4/14,1856.967714,3.040733986,,8/4/15,1767.648185,3,,8/3/16,1648.600827,3,,8/4/17,1741.996523,3,,8/4/18,1729.55518,3,,8/4/19,1804.877485,3
8/5/10,1846.162238,3.092702689,,8/5/11,1704.825589,3,,8/4/12,1694.78539,3,,8/5/13,1766.916044,3,,8/5/14,1867.246393,3.048139859,,8/5/15,1770.470916,3,,8/4/16,1651.862235,3,,8/5/17,1754.539345,3,,8/5/18,1731.324255,3,,8/5/19,1825.163752,3
8/6/10,1865.612201,3.106887219,,8/6/11,1705.012795,3,,8/5/12,1721.863476,3,,8/6/13,1772.245098,3,,8/6/14,1869.344387,3.054328195,,8/6/15,1772.101138,3,,8/5/16,1651.983124,3,,8/6/17,1756.550333,3,,8/6/18,1737.669002,3,,8/6/19,1839.554275,3
8/7/10,1876.09892,3.12185556,,8/7/11,1719.055173,3,,8/6/12,1726.358174,3,,8/7/13,1773.23093,3,,8/7/14,1924.830924,3.083120461,,8/7/15,1773.450321,3,,8/6/16,1653.097404,3,,8/7/17,1760.962569,3,,8/7/18,1741.9183,3,,8/7/19,1857.740747,3
8/8/10,1888.398022,3.133248471,,8/8/11,1722.018701,3,,8/7/12,1729.797787,3,,8/8/13,1779.278928,3,,8/8/14,1940.020128,3.118458332,,8/8/15,1786.621844,3,,8/7/16,1654.26049,3,,8/8/17,1782.247734,3,,8/8/18,1746.097964,3,,8/8/19,1862.277366,3
8/9/10,1916.443261,3.153420641,,8/9/11,1725.981478,3,,8/8/12,1735.229611,3,,8/9/13,1785.35458,3,,8/9/14,1941.506467,3.126796103,,8/9/15,1786.648498,3,,8/8/16,1657.910857,3,,8/9/17,1794.489647,3,,8/9/18,1754.52344,3,,8/9/19,1868.095663,3
8/10/10,1921.639014,3.170041137,,8/10/11,1742.499746,3,,8/9/12,1735.834639,3,,8/10/13,1820.514166,3.005720834,,8/10/14,1943.195859,3.128383969,,8/10/15,1787.092347,3,,8/9/16,1675.338999,3,,8/10/17,1813.379001,3,,8/10/18,1776.359802,3,,8/10/19,1875.497415,3
8/11/10,1931.383676,3.177511345,,8/11/11,1749.253723,3,,8/10/12,1742.692128,3,,8/11/13,1845.338481,3.032494098,,8/11/14,1950.014493,3.132637981,,8/11/15,1787.399505,3,,8/10/16,1680.899763,3,,8/11/17,1823.119977,3,,8/11/18,1783.611435,3,,8/11/19,1890.546468,3
8/12/10,1935.415884,3.18439978,,8/12/11,1751.083998,3,,8/11/12,1747.740422,3,,8/12/13,1850.437154,3.047455592,,8/12/14,1963.346946,3.142713525,,8/12/15,1788.148725,3,,8/11/16,1685.982864,3,,8/12/17,1831.087223,3,,8/12/18,1790.661094,3,,8/12/19,1894.642459,3
8/13/10,1943.585067,3.190500476,,8/13/11,1757.384624,3,,8/12/12,1753.049406,3,,8/13/13,1856.250519,3.052911611,,8/13/14,1975.768519,3.155590538,,8/13/15,1790.882432,3,,8/12/16,1694.503586,3,,8/13/17,1838.272137,3,,8/13/18,1790.713095,3,,8/13/19,1900.051142,3
8/14/10,1955.332615,3.200458841,,8/14/11,1762.773608,3,,8/13/12,1795.281139,3.002646945,,8/14/13,1857.384095,3.056385081,,8/14/14,1986.556987,3.167195559,,8/14/15,1791.431699,3,,8/13/16,1727.585166,3,,8/14/17,1841.833936,3,,8/14/18,1793.587125,3,,8/14/19,1908.754639,3.00048788
8/15/10,1957.872031,3.207602323,,8/15/11,1773.751202,3.00192824,,8/14/12,1795.961352,3.01532577,,8/15/13,1860.857196,3.05868842,,8/15/14,2001.019715,3.179821157,,8/15/15,1792.661535,3,,8/14/16,1727.895236,3,,8/15/17,1857.497536,3,,8/15/18,1800.192276,3,,8/15/19,1912.118081,3.004762716
8/16/10,1963.560259,3.211716145,,8/16/11,1790.12698,3.014770812,,8/15/12,1801.551112,3.018460756,,8/16/13,1884.217937,3.072105341,,8/16/14,2009.902531,3.191493929,,8/16/15,1799.446936,3,,8/15/16,1730.051335,3,,8/16/17,1869.112218,3.000011228,,8/16/18,1800.999513,3,,8/16/19,1916.047659,3.008409226
8/17/10,1964.971658,3.215265959,,8/17/11,1791.499421,3.023644922,,8/16/12,1804.909292,3.022934726,,8/17/13,1889.218879,3.086286183,,8/17/14,2042.169749,3.212068945,,8/17/15,1800.039306,3,,8/16/16,1730.82908,3,,8/17/17,1886.173095,3.009653297,,8/17/18,1801.153995,3,,8/17/19,1938.469577,3.021584974
8/18/10,1969.593558,3.218282608,,8/18/11,1798.50113,3.027831997,,8/17/12,1810.443083,3.027380711,,8/18/13,1893.175712,3.09076507,,8/18/14,2051.334223,3.232784791,,8/18/15,1829.855861,3,,8/17/16,1732.435605,3,,8/18/17,1905.718763,3.027956569,,8/18/18,1814.598251,3,,8/18/19,1939.767704,3.033444996
8/19/10,1979.645552,3.225619555,,8/19/11,1810.232898,3.037198735,,8/18/12,1814.308489,3.03208031,,8/19/13,1904.994394,3.098652828,,8/19/14,2059.661964,3.241530899,,8/19/15,1830.015271,3,,8/18/16,1738.657154,3,,8/19/17,1905.83635,3.037788197,,8/19/18,1827.248781,3,,8/19/19,1946.80156,3.037610988
8/20/10,1990.823174,3.236234363,,8/20/11,1815.192798,3.045544569,,8/19/12,1831.499971,3.042608754,,8/20/13,1908.925574,3.106527758,,8/20/14,2081.733519,3.256730547,,8/20/15,1831.067096,3,,8/19/16,1748.610122,3,,8/20/17,1905.921129,3.03788938,,8/20/18,1834.637488,3,,8/20/19,1951.746618,3.043600445
8/21/10,1991.481558,3.242152366,,8/21/11,1830.408564,3.055632402,,8/20/12,1831.889899,3.051399459,,8/21/13,1909.268167,3.108664645,,8/21/14,2085.424773,3.269611951,,8/21/15,1845.51492,3,,8/20/16,1766.686072,3,,8/21/17,1915.515514,3.042728961,,8/21/18,1865.311437,3,,8/21/19,1955.625625,3.048012477
8/22/10,2019.098158,3.256289858,,8/22/11,1847.422927,3.071747467,,8/21/12,1860.85343,3.066076188,,8/22/13,1910.825253,3.109614484,,8/22/14,2096.59311,3.277041747,,8/22/15,1854.133585,3.003785322,,8/21/16,1769.845278,3,,8/22/17,1922.376804,3.050956799,,8/22/18,1875.86894,3,,8/22/19,1971.171602,3.057724969
8/23/10,2023.191754,3.272144956,,8/23/11,1857.321486,3.085203928,,8/22/12,1864.106726,3.082184602,,8/23/13,1927.489559,3.11872518,,8/23/14,2099.514697,3.284086709,,8/23/15,1857.271421,3.009708257,,8/22/16,1774.828998,3,,8/23/17,1935.168667,3.060783375,,8/23/18,1881.940938,3,,8/23/19,1977.573357,3.068698835
8/24/10,2044.358592,3.284775173,,8/24/11,1858.55478,3.090769854,,8/23/12,1875.247217,3.089381496,,8/24/13,1929.524261,3.128074684,,8/24/14,2102.474095,3.287027201,,8/24/15,1863.263509,3.014273219,,8/23/16,1777.612634,3,,8/24/17,1939.436188,3.069313067,,8/24/18,1890.156147,3.001760128,,8/24/19,1978.122248,3.072174158
8/25/10,2049.445624,3.297902108,,8/25/11,1859.055556,3.091636889,,8/24/12,1892.281178,3.103468722,,8/25/13,1931.524029,3.130091919,,8/25/14,2119.514333,3.29702702,,8/25/15,1865.240011,3.018257514,,8/24/16,1790.951237,3,,8/25/17,1947.929996,3.075693732,,8/25/18,1891.020166,3.005901893,,8/25/19,1984.147995,3.075461477
8/26/10,2051.102369,3.301273996,,8/26/11,1865.22383,3.094971414,,8/25/12,1913.236245,3.122463236,,8/26/13,1938.191891,3.134425734,,8/26/14,2124.599636,3.30808979,,8/26/15,1867.54296,3.02039724,,8/25/16,1791.564905,3,,8/26/17,1947.93527,3.079943273,,8/26/18,1899.660163,3.010653902,,8/26/19,2018.0567,3.095428703
8/27/10,2057.007365,3.305054867,,8/27/11,1869.124247,3.10000576,,8/26/12,1915.911387,3.13427834,,8/27/13,1978.414928,3.157871184,,8/27/14,2130.331059,3.313498153,,8/27/15,1870.980793,3.02326763,,8/26/16,1795.942032,3,,8/27/17,1947.943036,3.079949793,,8/27/18,1915.734834,3.023011236,,8/27/19,2027.098733,3.116904072
8/28/10,2071.190958,3.315099162,,8/28/11,1870.118249,3.102452969,,8/27/12,1917.907945,3.13661419,,8/28/13,1990.60065,3.184075563,,8/28/14,2130.956533,3.316676601,,8/28/15,1872.449888,3.025721094,,8/27/16,1800.859902,3,,8/28/17,1947.947987,3.079956152,,8/28/18,1917.353928,3.031858118,,8/28/19,2032.486113,3.124118779
8/29/10,2079.770141,3.32648055,,8/29/11,1879.041182,3.107411437,,8/28/12,1920.820263,3.139068628,,8/29/13,1996.938325,3.193337262,,8/29/14,2131.146681,3.317084412,,8/29/15,1884.26821,3.032364802,,8/28/16,1801.069568,3,,8/29/17,1955.292498,3.083630883,,8/29/18,1923.269841,3.035625621,,8/29/19,2032.8664,3.127002612
8/30/10,2097.582152,3.339676147,,8/30/11,1886.544129,3.115624376,,8/29/12,1923.203036,3.141716173,,8/30/13,1999.411638,3.197742756,,8/30/14,2132.735245,3.317973768,,8/30/15,1900.016698,3.046148207,,8/29/16,1807.808397,3,,8/30/17,1957.458408,3.088386093,,8/30/18,1972.861954,3.063379635,,8/30/19,2058.135376,3.139827244
8/31/10,2101.24182,3.350411986,,8/31/11,1887.08558,3.119646576,,8/30/12,1924.438515,3.1435253,,8/31/13,2003.700126,3.201123656,,8/31/14,2142.605913,3.323703384,,8/31/15,1900.808192,3.054418199,,8/30/16,1809.491251,3,,8/31/17,1959.197596,3.090338642,,8/31/18,1984.877952,3.094183691,,8/31/19,2061.154466,3.153971277
9/1/10,2115.607237,3.359424528,,9/1/11,1893.075333,3.122912178,,8/31/12,1928.666733,3.146257148,,9/1/13,2037.508795,3.220172235,,9/1/14,2162.596415,3.338633969,,9/1/15,1909.041643,3.058930671,,8/31/16,1810.784672,3,,9/1/17,1966.03005,3.094624463,,9/1/18,1990.356457,3.102930942,,9/1/19,2062.101302,3.15595424
9/2/10,2122.498375,3.370052806,,9/2/11,1895.530129,3.127134452,,9/1/12,1938.843134,3.153459458,,9/2/13,2039.773831,3.238209088,,9/2/14,2167.022092,3.350842059,,9/2/15,1917.750008,3.067401579,,9/1/16,1816.64622,3,,9/2/17,1966.738277,3.098394804,,9/2/18,2003.936575,3.112460253,,9/2/19,2125.334195,3.188044104
9/3/10,2126.377303,3.375437839,,9/3/11,1905.582057,3.133387814,,9/2/12,1964.365305,3.171308744,,9/3/13,2047.061481,3.242985431,,9/3/14,2167.649491,3.353368597,,9/3/15,1924.894846,3.075328181,,9/2/16,1823.494816,3,,9/3/17,1966.960413,3.098859985,,9/3/18,2004.613008,3.119588528,,9/3/19,2125.451031,3.219718968
9/4/10,2161.880067,3.395128685,,9/4/11,1905.608214,3.138426857,,9/3/12,1971.736526,3.18775544,,9/4/13,2049.023811,3.247610421,,9/4/14,2168.030806,3.353872954,,9/4/15,1927.517542,3.080211948,,9/3/16,1840.889744,3,,9/4/17,1968.264869,3.099623281,,9/4/18,2010.560318,3.1229004,,9/4/19,2130.216581,3.222160161
9/5/10,2167.136972,3.41550852,,9/5/11,1906.833049,3.139052353,,9/4/12,1975.178158,3.193161866,,9/5/13,2049.328988,3.248744174,,9/5/14,2169.845123,3.35497077,,9/5/15,1936.378731,3.085953891,,9/4/16,1851.883437,3,,9/5/17,1970.526,3.101406075,,9/5/18,2010.96085,3.126074321,,9/5/19,2132.73401,3.225801651
9/6/10,2182.351297,3.425744135,,9/6/11,1907.426211,3.139961351,,9/5/12,1981.844022,3.198215614,,9/6/13,2055.277242,3.251870889,,9/6/14,2174.085856,3.357998295,,9/6/15,1941.011184,3.092700712,,9/5/16,1853.151342,3,,9/6/17,1978.89406,3.10672067,,9/6/18,2016.300087,3.128944206,,9/6/19,2138.229887,3.229808304
9/7/10,2183.906853,3.434129075,,9/7/11,1908.353675,3.140721664,,9/6/12,1984.086424,3.202669748,,9/7/13,2055.501559,3.254957175,,9/7/14,2176.229112,3.361190289,,9/7/15,1945.136243,3.097079467,,9/6/16,1862.765832,3.002342024,,9/7/17,1984.915918,3.113915629,,9/7/18,2024.195318,3.13556144,,9/7/19,2144.110176,3.235496387
9/8/10,2188.233371,3.437070112,,9/8/11,1911.327026,3.142672071,,9/7/12,1985.331604,3.204413538,,9/8/13,2058.989667,3.256813387,,9/8/14,2179.024788,3.363659755,,9/8/15,1950.693947,3.101920848,,9/7/16,1891.799728,3.021301837,,9/8/17,1999.385455,3.124161327,,9/8/18,2031.194114,3.143008454,,9/8/19,2149.327236,3.241045062
9/9/10,2195.093427,3.442663399,,9/9/11,1912.473296,3.144731882,,9/8/12,1990.636171,3.207688412,,9/9/13,2063.446632,3.260785924,,9/9/14,2180.358464,3.365724431,,9/9/15,1967.325302,3.113015378,,9/8/16,1900.94415,3.040390996,,9/9/17,1999.544937,3.131475836,,9/9/18,2034.218589,3.148020089,,9/9/19,2153.628729,3.245804338
9/10/10,2196.238603,3.446666015,,9/10/11,1924.960283,3.15154851,,9/9/12,1998.371258,3.214208239,,9/10/13,2068.254986,3.265418583,,9/10/14,2188.102889,3.370263482,,9/10/15,1968.090104,3.121713457,,9/9/16,1922.015475,3.05549887,,9/10/17,2012.453618,3.138009918,,9/10/18,2042.434186,3.153640125,,9/10/19,2158.896838,3.250589139
9/11/10,2208.084283,3.453161443,,9/11/11,1939.636727,3.165130226,,9/10/12,2022.538088,3.230159198,,9/11/13,2077.006706,3.27219862,,9/11/14,2191.75237,3.375960435,,9/11/15,1973.483793,3.124792702,,9/10/16,1941.910266,3.075981928,,9/11/17,2023.40866,3.149941779,,9/11/18,2044.868786,3.158965223,,9/11/19,2159.41857,3.25348406
9/12/10,2217.024048,3.463554165,,9/12/11,1943.36576,3.174332965,,9/11/12,2028.102757,3.245024947,,9/12/13,2082.651126,3.27939669,,9/12/14,2196.314092,3.380066036,,9/12/15,1976.928569,3.129211935,,9/11/16,1944.450329,3.087199355,,9/12/17,2030.505564,3.158967752,,9/12/18,2048.376074,3.161936167,,9/12/19,2160.146489,3.254108885
9/13/10,2218.482991,3.468753519,,9/13/11,1946.33243,3.177680816,,9/12/12,2046.879953,3.257195879,,9/13/13,2087.790344,3.28478851,,9/13/14,2196.941471,3.382660587,,9/13/15,1980.271611,3.132605844,,9/12/16,1946.668332,3.089578388,,9/13/17,2035.402426,3.164964635,,9/13/18,2053.266832,3.16613519,,9/13/19,2165.710036,3.257254618
9/14/10,2230.088484,3.475285738,,9/14/11,1954.659432,3.183327652,,9/13/12,2051.634744,3.268961873,,9/14/13,2088.260471,3.287593182,,9/14/14,2197.942225,3.383474654,,9/14/15,1983.534379,3.135908748,,9/13/16,1967.708131,3.101207289,,9/14/17,2037.516796,3.168470251,,9/14/18,2054.671369,3.169282837,,9/14/19,2177.895915,3.266129331
9/15/10,2233.17895,3.482633717,,9/15/11,1956.101852,3.188212363,,9/14/12,2076.515136,3.283779464,,9/15/13,2090.422986,3.288909503,,9/15/14,2202.644891,3.386326363,,9/15/15,1992.404243,3.141975064,,9/14/16,1990.953465,3.123349855,,9/15/17,2038.680396,3.170109236,,9/15/18,2055.470886,3.170384865,,9/15/19,2181.711311,3.274129969
9/16/10,2233.180598,3.484179774,,9/16/11,1968.954006,3.19535965,,9/15/12,2090.859445,3.303391815,,9/16/13,2090.779305,3.29016892,,9/16/14,2216.644056,3.395677279,,9/16/15,2002.764622,3.151590186,,9/15/16,1997.970068,3.138480824,,9/16/17,2064.706858,3.183704267,,9/16/18,2060.803991,3.173451176,,9/16/19,2188.056665,3.279210343
9/17/10,2240.604508,3.487892553,,9/17/11,1969.325071,3.201971259,,9/16/12,2092.306907,3.3112877,,9/17/13,2102.137804,3.296026329,,9/17/14,2226.12835,3.407419008,,9/17/15,2009.729759,3.160252944,,9/16/16,2020.682436,3.153345309,,9/17/17,2065.813925,3.197271032,,9/17/18,2062.219126,3.176825296,,9/17/19,2194.706727,3.285708051
9/18/10,2246.665046,3.494634777,,9/18/11,1978.220225,3.206604369,,9/17/12,2099.492084,3.315604019,,9/18/13,2111.241984,3.306257668,,9/18/14,2253.498507,3.425846234,,9/18/15,2012.250652,3.164995959,,9/17/16,2024.171987,3.166446269,,9/18/17,2075.245645,3.202540425,,9/18/18,2069.743278,3.181294939,,9/18/19,2194.785887,3.289072663
9/19/10,2248.436785,3.498550915,,9/19/11,1992.926239,3.218404953,,9/18/12,2108.32323,3.323612181,,9/19/13,2120.314198,3.315345865,,9/19/14,2283.63285,3.454598484,,9/19/15,2013.516662,3.166889411,,9/18/16,2027.300017,3.169755059,,9/19/17,2075.738328,3.207502627,,9/19/18,2071.455678,3.185913215,,9/19/19,2211.102335,3.297270467
9/20/10,2268.730961,3.509583873,,9/20/11,2012.830254,3.235709968,,9/19/12,2114.846443,3.331289361,,9/20/13,2140.827223,3.330138485,,9/20/14,2291.362348,3.473530404,,9/20/15,2017.857399,3.169692784,,9/19/16,2054.351928,3.18484503,,9/20/17,2092.724546,3.216242077,,9/20/18,2072.780939,3.187432046,,9/20/19,2213.987938,3.306871492
9/21/10,2273.441754,3.522086357,,9/21/11,2017.657993,3.248075845,,9/20/12,2125.405245,3.339830368,,9/21/13,2160.735979,3.350349375,,9/21/14,2299.035161,3.48123156,,9/21/15,2032.09684,3.178982873,,9/20/16,2056.678789,3.199534416,,9/21/17,2095.903406,3.226324616,,9/21/18,2080.731773,3.192070094,,9/21/19,2215.215211,3.30892793
9/22/10,2279.796836,3.527619295,,9/22/11,2018.2591,3.250790268,,9/21/12,2127.318836,3.346066564,,9/22/13,2182.130059,3.371000794,,9/22/14,2315.665695,3.493383233,,9/22/15,2057.49281,3.198800578,,9/21/16,2072.423451,3.208570178,,9/22/17,2102.431971,3.231178328,,9/22/18,2089.472297,3.200415773,,9/22/19,2218.205793,3.311036858
9/23/10,2288.23743,3.535017133,,9/23/11,2025.482675,3.254702609,,9/22/12,2130.232766,3.348480325,,9/23/13,2186.478576,3.383872092,,9/23/14,2318.862819,3.503297062,,9/23/15,2058.088468,3.211796392,,9/22/16,2077.610437,3.219036001,,9/23/17,2120.28881,3.24337103,,9/23/18,2092.5138,3.206306786,,9/23/19,2228.742964,3.317800734
9/24/10,2288.790776,3.539514103,,9/24/11,2039.810191,3.265478154,,9/23/12,2131.581081,3.350611447,,9/24/13,2201.688291,3.393651208,,9/24/14,2330.244836,3.510586633,,9/24/15,2059.682857,3.212891416,,9/23/16,2089.944974,3.227796763,,9/24/17,2121.83375,3.25307192,,9/24/18,2102.696323,3.212918799,,9/24/19,2246.034413,3.331715044
9/25/10,2300.397653,3.545594215,,9/25/11,2046.666475,3.276070054,,9/24/12,2134.919515,3.352954822,,9/25/13,2205.082756,3.402953298,,9/25/14,2349.112934,3.525711691,,9/25/15,2073.479348,3.220586856,,9/24/16,2097.052637,3.237517862,,9/25/17,2127.920265,3.256887647,,9/25/18,2103.139703,3.21823175,,9/25/19,2257.772225,3.346229674
9/26/10,2302.638674,3.552518163,,9/26/11,2061.983341,3.287156629,,9/25/12,2136.520322,3.355424443,,9/26/13,2224.190523,3.414204414,,9/26/14,2371.538863,3.546358704,,9/26/15,2074.610203,3.228050529,,9/25/16,2108.482647,3.246786699,,9/26/17,2133.309071,3.262625308,,9/26/18,2104.595759,3.219181468,,9/26/19,2258.316697,3.352370817
9/27/10,2306.164929,3.555401801,,9/27/11,2103.482553,3.315564668,,9/26/12,2142.199477,3.359064424,,9/27/13,2224.867223,3.424096647,,9/27/14,2381.416608,3.562510541,,9/27/15,2078.373725,3.230497718,,9/26/16,2134.408421,3.265464591,,9/27/17,2134.010086,3.265670219,,9/27/18,2107.478798,3.221351016,,9/27/19,2263.643231,3.35530632
9/28/10,2309.418331,3.55879163,,9/28/11,2106.642087,3.337894041,,9/27/12,2148.034127,3.364821326,,9/28/13,2240.074527,3.432038649,,9/28/14,2382.132662,3.56780744,,9/28/15,2100.894898,3.243640065,,9/27/16,2141.341516,3.281894026,,9/28/17,2134.025824,3.266028595,,9/28/18,2108.49597,3.223301122,,9/28/19,2265.144128,3.358720035
9/29/10,2315.871499,3.563644915,,9/29/11,2117.572802,3.344939165,,9/28/12,2153.110677,3.370276927,,9/29/13,2259.909878,3.449559977,,9/29/14,2402.325662,3.578261967,,9/29/15,2102.0712,3.255488802,,9/28/16,2148.524252,3.288951942,,9/29/17,2163.537862,3.280792483,,9/29/18,2109.525616,3.224324531,,9/29/19,2265.884771,3.359840805
9/30/10,2342.789557,3.580330528,,9/30/11,2118.432589,3.350834417,,9/29/12,2165.422623,3.378971175,,9/30/13,2260.748928,3.459897177,,9/30/14,2424.327565,3.599359419,,9/30/15,2104.387941,3.257235324,,9/29/16,2154.982115,3.295772241,,9/30/17,2164.429439,3.295994291,,9/30/18,2110.586138,3.225369614,,9/30/19,2269.770185,3.362153834
10/1/10,2381.10766,3.612948608,,10/1/11,2119.745643,3.351920837,,9/30/12,2167.503857,3.386167765,,10/1/13,2261.991212,3.460937844,,10/1/14,2425.919208,3.611156192,,10/1/15,2105.498835,3.258949142,,9/30/16,2155.829878,3.299425054,,10/1/17,2173.261754,3.300856237,,10/1/18,2111.278631,3.226246122,,10/1/19,2283.241794,3.370832345
10/2/10,2395.339017,3.639223338,,10/2/11,2121.942087,3.353675586,,10/1/12,2180.063855,3.393488381,,10/2/13,2264.569719,3.46284824,,10/2/14,2426.033286,3.612009053,,10/2/15,2119.940768,3.266725555,,10/1/16,2156.261058,3.300064526,,10/2/17,2174.648644,3.305965839,,10/2/18,2114.160444,3.228033275,,10/2/19,2284.552383,3.378223444
10/3/10,2396.337904,3.64683846,,10/3/11,2133.617858,3.360611693,,10/2/12,2199.720797,3.40959685,,10/3/13,2265.474515,3.464589891,,10/3/14,2432.466708,3.615282803,,10/3/15,2127.671992,3.277812133,,10/2/16,2164.539241,3.304419207,,10/3/17,2177.300695,3.307985309,,10/3/18,2121.278445,3.233033182,,10/3/19,2289.670033,3.381437564
10/4/10,2398.519982,3.648428943,,10/4/11,2134.214418,3.366747859,,10/3/12,2202.9869,3.421058373,,10/4/13,2268.019523,3.466314793,,10/4/14,2434.849827,3.619691073,,10/4/15,2129.838048,3.282760774,,10/3/16,2190.898384,3.32173787,,10/4/17,2183.237494,3.312279734,,10/4/18,2128.034667,3.239970294,,10/4/19,2306.581146,3.392451945
10/5/10,2399.261473,3.649890727,,10/5/11,2134.988449,3.367433155,,10/4/12,2210.961391,3.42667867,,10/5/13,2278.234231,3.472694651,,10/5/14,2437.474616,3.622195027,,10/5/15,2133.18718,3.285518368,,10/4/16,2193.179614,3.336058057,,10/5/17,2207.844414,3.327551594,,10/5/18,2130.755866,3.244709004,,10/5/19,2306.977783,3.40110582
10/6/10,2411.872125,3.656566799,,10/6/11,2139.684304,3.370168097,,10/5/12,2213.757278,3.432063859,,10/6/13,2303.655618,3.490512699,,10/6/14,2456.213088,3.632876658,,10/6/15,2135.576391,3.288387539,,10/5/16,2194.47081,3.33784427,,10/6/17,2241.552214,3.356708954,,10/6/18,2145.145727,3.253264533,,10/6/19,2310.657184,3.403143839
10/7/10,2427.712077,3.670792101,,10/7/11,2145.892283,3.375620015,,10/6/12,2218.681887,3.435924107,,10/7/13,2304.477196,3.503634181,,10/7/14,2474.382057,3.651330378,,10/7/15,2137.610858,3.290599378,,10/6/16,2195.588593,3.339048759,,10/7/17,2241.766487,3.37366999,,10/7/18,2150.285226,3.263029213,,10/7/19,2316.115762,3.407712829
10/8/10,2427.985603,3.67884884,,10/8/11,2148.761388,3.380158557,,10/7/12,2236.095562,3.447093249,,10/8/13,2305.422978,3.504517861,,10/8/14,2475.074938,3.660761303,,10/8/15,2154.638559,3.300130462,,10/7/16,2196.281799,3.339954253,,10/8/17,2244.474941,3.375131354,,10/8/18,2156.831067,3.268871884,,10/8/19,2321.403023,3.413085748
10/9/10,2431.949432,3.680967518,,10/9/11,2158.684692,3.386554761,,10/8/12,2253.39612,3.464450365,,10/9/13,2307.695044,3.506126786,,10/9/14,2480.723079,3.663931814,,10/9/15,2157.696996,3.310173531,,10/8/16,2197.092606,3.34070626,,10/9/17,2246.552576,3.377524399,,10/9/18,2165.987598,3.27672307,,10/9/19,2324.082162,3.417068948
10/10/10,2433.289174,3.683619303,,10/10/11,2168.383686,3.39636591,,10/9/12,2256.216923,3.474511046,,10/10/13,2314.85949,3.510845041,,10/10/14,2482.056922,3.667422806,,10/10/15,2161.401528,3.313555016,,10/9/16,2199.797198,3.342463959,,10/10/17,2247.596006,3.379084931,,10/10/18,2170.560629,3.283587851,,10/10/19,2325.583441,3.419159157
10/11/10,2437.054707,3.68617194,,10/11/11,2173.241746,3.403644437,,10/10/12,2266.371535,3.480998753,,10/11/13,2321.699061,3.51784705,,10/11/14,2488.556916,3.671339724,,10/11/15,2168.446541,3.318929788,,10/10/16,2206.976509,3.347405911,,10/11/17,2253.892512,3.382754899,,10/11/18,2184.790973,3.292989538,,10/11/19,2327.122044,3.420679098
10/12/10,2439.219082,3.689136894,,10/12/11,2177.86914,3.408387164,,10/11/12,2279.90587,3.492843227,,10/12/13,2331.722369,3.526278489,,10/12/14,2495.752185,3.678187356,,10/12/15,2176.890771,3.32667441,,10/11/16,2211.112307,3.353063466,,10/12/17,2306.718873,3.412316332,,10/12/18,2195.490745,3.305454596,,10/12/19,2327.741078,3.421757917
10/13/10,2450.954284,3.696086683,,10/13/11,2211.992663,3.427762622,,10/12/12,2280.107522,3.49971122,,10/13/13,2333.685035,3.532271476,,10/13/14,2503.313574,3.685565685,,10/13/15,2176.96775,3.330935014,,10/12/16,2212.799568,3.355974995,,10/13/17,2320.877375,3.445808764,,10/13/18,2207.253246,3.316685733,,10/13/19,2329.337236,3.422865513
10/14/10,2460.686716,3.7068205,,10/14/11,2214.715647,3.446185876,,10/13/12,2282.932665,3.501224618,,10/14/13,2361.218685,3.547019634,,10/14/14,2507.901735,3.69164046,,10/14/15,2178.033056,3.331506156,,10/13/16,2231.388074,3.366112878,,10/14/17,2333.379198,3.459138927,,10/14/18,2220.383225,3.329131972,,10/14/19,2336.170822,3.427080385
10/15/10,2481.932495,3.722309605,,10/15/11,2215.925272,3.44815218,,10/14/12,2290.729128,3.506535421,,10/15/13,2375.082096,3.567718165,,10/15/14,2512.473134,3.69622024,,10/15/15,2203.678169,3.344861366,,10/14/16,2235.193427,3.377309808,,10/15/17,2336.037304,3.466718891,,10/15/18,2226.832527,3.338921613,,10/15/19,2337.588374,3.431205953
10/16/10,2483.446707,3.733689601,,10/16/11,2216.407661,3.448998187,,10/15/12,2304.232555,3.517185366,,10/16/13,2394.486362,3.584352003,,10/16/14,2516.524309,3.700531527,,10/16/15,2207.285645,3.359487661,,10/15/16,2236.518516,3.379875029,,10/16/17,2339.65053,3.469854557,,10/16/18,2231.202901,3.344331451,,10/16/19,2342.556235,3.43439866
10/17/10,2502.001602,3.743724155,,10/17/11,2218.68667,3.450378886,,10/16/12,2313.406085,3.528523844,,10/17/13,2411.087616,3.602354763,,10/17/14,2549.339837,3.718964878,,10/17/15,2210.5711,3.362934126,,10/16/16,2249.482963,3.387019797,,10/17/17,2339.713099,3.471692454,,10/17/18,2232.785804,3.34730809,,10/17/19,2343.647618,3.437428282
10/18/10,2502.126374,3.753063988,,10/18/11,2219.014654,3.451682383,,10/17/12,2317.713374,3.535264254,,10/18/13,2411.479219,3.610851192,,10/18/14,2551.465988,3.736435718,,10/18/15,2217.453311,3.368017959,,10/17/16,2249.764284,3.393642681,,10/18/17,2342.377797,3.473056088,,10/18/18,2233.267056,3.348340167,,10/18/19,2347.510615,3.439905472
10/19/10,2502.877328,3.753501851,,10/19/11,2224.006338,3.454342217,,10/18/12,2323.81156,3.540466991,,10/19/13,2437.230831,3.623922799,,10/19/14,2555.577876,3.739554738,,10/19/15,2238.87325,3.382169034,,10/18/16,2250.85402,3.394328209,,10/19/17,2343.788655,3.475093866,,10/19/18,2246.408017,3.355151274,,10/19/19,2349.982002,3.443072664
10/20/10,2513.097544,3.758987436,,10/20/11,2224.257039,3.45696341,,10/19/12,2334.492241,3.548856425,,10/20/13,2441.607925,3.638987152,,10/20/14,2558.472357,3.743057922,,10/20/15,2242.747947,3.394816352,,10/19/16,2252.631285,3.39576171,,10/20/17,2354.986179,3.481398057,,10/20/18,2248.67567,3.362855581,,10/20/19,2358.261353,3.448448033
10/21/10,2514.30272,3.764700132,,10/21/11,2227.211152,3.458565817,,10/20/12,2335.401104,3.554651197,,10/21/13,2446.254059,3.643498766,,10/21/14,2561.904785,3.746221376,,10/21/15,2243.115959,3.396937707,,10/20/16,2253.649975,3.397159687,,10/21/17,2362.234125,3.490620792,,10/21/18,2253.166635,3.36623489,,10/21/19,2370.528267,3.458721166
10/22/10,2526.924354,3.771613537,,10/22/11,2227.988381,3.460431488,,10/21/12,2338.502865,3.556656509,,10/22/13,2460.275094,3.652832351,,10/22/14,2566.481122,3.750225758,,10/22/15,2244.594858,3.397861162,,10/21/16,2256.512098,3.399100094,,10/22/17,2369.740137,3.497997771,,10/22/18,2261.130318,3.372462214,,10/22/19,2373.091006,3.466135992
10/23/10,2527.654075,3.778289215,,10/23/11,2270.32288,3.481987351,,10/22/12,2338.60385,3.558257882,,10/23/13,2462.973621,3.661192132,,10/23/14,2589.620357,3.764083545,,10/23/15,2247.677601,3.400141983,,10/22/16,2261.163891,3.402857052,,10/23/17,2375.0927,3.504427058,,10/23/18,2270.731605,3.381244699,,10/23/19,2395.700885,3.478722301
10/24/10,2534.481757,3.782067916,,10/24/11,2288.229252,3.512107787,,10/23/12,2351.24183,3.564627365,,10/24/13,2471.760275,3.666934723,,10/24/14,2593.548118,3.777617043,,10/24/15,2254.831067,3.405260088,,10/23/16,2271.223716,3.410212861,,10/24/17,2379.01926,3.50906662,,10/24/18,2286.534378,3.393946729,,10/24/19,2410.632237,3.497492917
10/25/10,2535.562092,3.786021925,,10/25/11,2295.570188,3.524731442,,10/24/12,2355.123989,3.572887434,,10/25/13,2472.45994,3.671677882,,10/25/14,2598.548947,3.782081338,,10/25/15,2259.250121,3.411046348,,10/24/16,2280.688731,3.419975281,,10/25/17,2382.426151,3.512733346,,10/25/18,2301.775091,3.409468471,,10/25/19,2418.739642,3.509012295
10/26/10,2538.015797,3.787788945,,10/26/11,2318.822748,3.540028189,,10/25/12,2367.122912,3.580827975,,10/26/13,2492.925817,3.682260653,,10/26/14,2601.486342,3.78605045,,10/26/15,2261.138355,3.414199991,,10/25/16,2282.144169,3.425435507,,10/26/17,2389.688972,3.518068202,,10/26/18,2304.626836,3.418514701,,10/26/19,2422.549447,3.5149709
10/27/10,2542.216823,3.79111631,,10/27/11,2345.908414,3.565197302,,10/26/12,2379.995646,3.593263803,,10/27/13,2496.00495,3.694033158,,10/27/14,2624.41763,3.798984792,,10/27/15,2263.372952,3.416261407,,10/26/16,2299.229177,3.43470573,,10/27/17,2403.377783,3.528544018,,10/27/18,2315.040385,3.425147348,,10/27/19,2423.84755,3.517524854
10/28/10,2543.534641,3.793875732,,10/28/11,2346.302485,3.578937171,,10/27/12,2406.808396,3.613106545,,10/28/13,2515.017015,3.705078757,,10/28/14,2659.59402,3.828038631,,10/28/15,2263.474056,3.417429257,,10/27/16,2320.565662,3.453916477,,10/28/17,2404.313747,3.535856405,,10/28/18,2321.918667,3.433793263,,10/28/19,2442.64219,3.527571225
10/29/10,2555.696433,3.800615537,,10/29/11,2346.355122,3.579160525,,10/28/12,2407.845003,3.627031224,,10/29/13,2521.655436,3.717904,,10/29/14,2660.183452,3.845921541,,10/29/15,2277.421285,3.424453424,,10/28/16,2324.080471,3.466342124,,10/29/17,2412.204788,3.540269907,,10/29/18,2323.280358,3.43791325,,10/29/19,2447.711775,3.539503338
10/30/10,2560.742438,3.809219435,,10/30/11,2347.121218,3.579569891,,10/29/12,2418.972837,3.633113444,,10/30/13,2522.087595,3.72143929,,10/30/14,2667.739788,3.849994425,,10/30/15,2287.526911,3.436479852,,10/29/16,2324.92366,3.468521123,,10/30/17,2430.333119,3.553279594,,10/30/18,2331.600412,3.442754122,,10/30/19,2452.12299,3.544243738
10/31/10,2569.002971,3.815872705,,10/31/11,2359.366574,3.586075617,,10/30/12,2425.572043,3.641976964,,10/31/13,2522.782282,3.722002713,,10/31/14,2673.753393,3.856779396,,10/31/15,2297.552235,3.446545327,,10/30/16,2346.44931,3.479705542,,10/31/17,2442.407277,3.568380838,,10/31/18,2345.516493,3.453872189,,10/31/19,2453.69663,3.547236166
11/1/10,2601.827129,3.83641505,,11/1/11,2363.868555,3.594449285,,10/31/12,2432.071827,3.648526459,,11/1/13,2557.574047,3.739745939,,11/1/14,2675.17578,3.860497392,,11/1/15,2301.760092,3.453661917,,10/31/16,2350.099732,3.492293579,,11/1/17,2454.477115,3.580452836,,11/1/18,2360.19861,3.468171289,,11/1/19,2455.090473,3.548719907
11/2/10,2602.533511,3.85318032,,11/2/11,2368.640995,3.599086496,,11/1/12,2435.057061,3.653268968,,11/2/13,2562.545318,3.759627457,,11/2/14,2681.535506,3.864388449,,11/2/15,2316.776948,3.463274273,,11/1/16,2364.019683,3.501078765,,11/2/17,2457.066387,3.587782391,,11/2/18,2365.536105,3.478181095,,11/2/19,2465.686067,3.554714625
11/3/10,2602.974805,3.853754158,,11/3/11,2369.714159,3.602009299,,11/2/12,2446.113793,3.660289951,,11/3/13,2566.59284,3.764136853,,11/3/14,2681.939999,3.867770558,,11/3/15,2320.61859,3.472703522,,11/2/16,2367.479352,3.509768575,,11/3/17,2458.114773,3.58960122,,11/3/18,2381.59436,3.48887897,,11/3/19,2482.070744,3.568204761
11/4/10,2607.805691,3.856390248,,11/4/11,2370.628846,3.603003224,,11/3/12,2458.260764,3.671891803,,11/4/13,2578.307603,3.772017996,,11/4/14,2682.542675,3.868274143,,11/4/15,2333.676048,3.481153073,,11/3/16,2374.850453,3.51518396,,11/4/17,2465.030608,3.59358333,,11/4/18,2383.285177,3.497753506,,11/4/19,2484.105002,3.577414229
11/5/10,2623.669715,3.866737703,,11/5/11,2377.670217,3.606981252,,11/4/12,2481.017715,3.689343764,,11/5/13,2595.720651,3.786581902,,11/5/14,2684.953824,3.869781055,,11/5/15,2342.489413,3.492088484,,11/4/16,2378.979394,3.520933981,,11/5/17,2492.698647,3.610875267,,11/5/18,2396.471104,3.505191878,,11/5/19,2490.643229,3.581700471
11/6/10,2654.424959,3.890047337,,11/6/11,2379.536283,3.611434971,,11/5/12,2481.911484,3.701169124,,11/6/13,2605.564277,3.800210239,,11/6/14,2689.772177,3.873395806,,11/6/15,2350.875541,3.500688231,,11/5/16,2385.683552,3.52635053,,11/6/17,2492.835385,3.624777656,,11/6/18,2397.582309,3.512340444,,11/6/19,2491.920641,3.58560829
11/7/10,2665.662432,3.911043696,,11/7/11,2381.71663,3.613458177,,11/6/12,2485.704412,3.703512472,,11/7/13,2619.200017,3.811949921,,11/7/14,2707.318899,3.884578344,,11/7/15,2361.911253,3.51039915,,11/6/16,2385.785185,3.529753426,,11/7/17,2493.310536,3.625083601,,11/7/18,2403.500473,3.515855128,,11/7/19,2496.962984,3.588768168
11/8/10,2667.328538,3.917495485,,11/8/11,2394.298772,3.620839422,,11/7/12,2491.87532,3.70849439,,11/8/13,2625.407397,3.821871481,,11/8/14,2708.035271,3.893709891,,11/8/15,2363.618947,3.516770853,,11/7/16,2392.333255,3.533078278,,11/8/17,2496.193287,3.626762552,,11/8/18,2413.691769,3.523909858,,11/8/19,2503.210474,3.594413085
11/9/10,2680.945657,3.925137098,,11/9/11,2394.906912,3.627434563,,11/8/12,2513.893778,3.722589073,,11/9/13,2653.070058,3.838806502,,11/9/14,2710.59442,3.895347651,,11/9/15,2370.674721,3.521152587,,11/8/16,2393.258908,3.536815139,,11/9/17,2497.473417,3.628843992,,11/9/18,2418.52906,3.531424152,,11/9/19,2510.456682,3.601159934
11/10/10,2701.606737,3.942276197,,11/10/11,2402.254309,3.631412331,,11/9/12,2536.249284,3.744776055,,11/10/13,2655.470616,3.853838112,,11/10/14,2711.095313,3.896877672,,11/10/15,2375.938414,3.527312321,,11/9/16,2399.039749,3.540168385,,11/10/17,2500.819304,3.631157,,11/10/18,2419.270891,3.534213713,,11/10/19,2512.489126,3.605799259
11/11/10,2719.704983,3.96165586,,11/11/11,2403.319659,3.635618705,,11/10/12,2545.079949,3.760369141,,11/11/13,2658.279065,3.856442615,,11/11/14,2712.042093,3.897601509,,11/11/15,2377.079007,3.530514464,,11/10/16,2407.306437,3.54719215,,11/11/17,2507.034837,3.63593771,,11/11/18,2422.593669,3.536246017,,11/11/19,2516.409573,3.608775705
11/12/10,2727.692649,3.974698816,,11/12/11,2403.852182,3.636417642,,11/11/12,2547.54784,3.766018419,,11/12/13,2661.527738,3.859471176,,11/12/14,2712.455386,3.898281545,,11/12/15,2381.313007,3.533201761,,11/11/16,2408.215483,3.551780017,,11/12/17,2514.878933,3.642967525,,11/12/18,2423.838956,3.53853005,,11/12/19,2523.451098,3.614256691
11/13/10,2729.871789,3.979782219,,11/13/11,2436.131969,3.652823797,,11/12/12,2554.943075,3.770949982,,11/13/13,2700.309158,3.880486222,,11/13/14,2728.391846,3.906456421,,11/13/15,2392.966645,3.54114558,,11/12/16,2411.533106,3.553893352,,11/13/17,2525.579992,3.652240103,,11/13/18,2426.668812,3.540567622,,11/13/19,2527.57842,3.619841114
11/14/10,2746.749135,3.989310462,,11/14/11,2467.24414,3.684519776,,11/13/12,2557.912353,3.776132239,,11/14/13,2705.061623,3.902253165,,11/14/14,2737.266255,3.918861856,,11/14/15,2394.726439,3.547852295,,11/13/16,2413.558624,3.556564923,,11/14/17,2529.6869,3.659644086,,11/14/18,2431.46394,3.544380114,,11/14/19,2530.094755,3.623162943
11/15/10,2751.74719,4.000248162,,11/15/11,2476.380344,3.704643963,,11/14/12,2562.033215,3.779677309,,11/15/13,2714.498266,3.909347719,,11/15/14,2750.297563,3.929814715,,11/15/15,2405.396487,3.554067217,,11/14/16,2424.403652,3.563000195,,11/15/17,2531.828195,3.662768188,,11/15/18,2446.550775,3.554321095,,11/15/19,2534.306429,3.626526947
11/16/10,2754.291214,4.004019202,,11/16/11,2476.877986,3.709460886,,11/15/12,2588.774608,3.795108436,,11/16/13,2730.137978,3.921885896,,11/16/14,2750.979483,3.936671329,,11/16/15,2406.673959,3.560040977,,11/15/16,2427.781382,3.570111574,,11/16/17,2538.01295,3.666931213,,11/16/18,2455.314182,3.566246216,,11/16/19,2544.048199,3.633503669
11/17/10,2771.634538,4.013962876,,11/17/11,2477.451027,3.709996228,,11/16/12,2591.628413,3.809906035,,11/17/13,2730.86738,3.930070453,,11/17/14,2754.091648,3.938568371,,11/17/15,2410.240074,3.56246277,,11/16/16,2435.249018,3.575534258,,11/17/17,2543.15187,3.67259305,,11/17/18,2459.025815,3.572483736,,11/17/19,2549.454572,3.641077741
11/18/10,2772.314855,4.022974696,,11/18/11,2483.469121,3.713291795,,11/17/12,2598.356421,3.814696941,,11/18/13,2743.942686,3.936972807,,11/18/14,2768.940636,3.947548947,,11/18/15,2415.28899,3.566770286,,11/17/16,2436.83193,3.580059531,,11/18/17,2549.488207,3.678330678,,11/18/18,2474.20147,3.58192738,,11/18/19,2566.756357,3.65243182
11/19/10,2776.467901,4.025391378,,11/19/11,2487.446142,3.718289353,,11/18/12,2603.464677,3.820615073,,11/19/13,2756.823498,3.949950866,,11/19/14,2769.057851,3.955032049,,11/19/15,2427.87356,3.575587028,,11/18/16,2437.587175,3.581228609,,11/19/17,2551.260096,3.682384792,,11/19/18,2475.553121,3.590191033,,11/19/19,2571.280772,3.66334492
11/20/10,2778.86184,4.02866487,,11/20/11,2488.153682,3.720631633,,11/19/12,2611.645332,3.827259528,,11/20/13,2759.13985,3.957549448,,11/20/14,2781.357522,3.961240492,,11/20/15,2431.233688,3.583559377,,11/19/16,2469.352452,3.597488871,,11/20/17,2557.535744,3.68640856,,11/20/18,2475.606964,3.59089378,,11/20/19,2573.50854,3.666721012
11/21/10,2792.51648,4.03668916,,11/21/11,2494.837226,3.724327175,,11/20/12,2619.796905,3.835425643,,11/21/13,2759.792271,3.959033835,,11/21/14,2782.983063,3.968203098,,11/21/15,2450.334702,3.594789949,,11/20/16,2494.609092,3.625999829,,11/21/17,2572.195397,3.69687621,,11/21/18,2487.073822,3.59665413,,11/21/19,2577.463475,3.669812363
11/22/10,2847.417087,4.070966783,,11/22/11,2501.988134,3.731244401,,11/21/12,2645.498771,3.852352362,,11/22/13,2775.421842,3.967174831,,11/22/14,2785.834561,3.970441618,,11/22/15,2460.596157,3.609471183,,11/21/16,2495.82227,3.639234738,,11/22/17,2586.748489,3.711482583,,11/22/18,2488.216346,3.602958821,,11/22/19,2577.829776,3.671972981
11/23/10,2850.499453,4.09995827,,11/23/11,2510.981648,3.739316612,,11/22/12,2650.777955,3.867842887,,11/23/13,2782.060498,3.978308944,,11/23/14,2789.550766,3.973725469,,11/23/15,2462.528907,3.615568285,,11/22/16,2497.011644,3.640436014,,11/23/17,2593.956106,3.722362937,,11/23/18,2491.924459,3.60538414,,11/23/19,2594.086432,3.68028446
11/24/10,2862.420994,4.107460223,,11/24/11,2511.990802,3.744317946,,11/23/12,2656.067829,3.873127416,,11/24/13,2805.467759,3.993331903,,11/24/14,2789.768145,3.975692261,,11/24/15,2463.98388,3.617262147,,11/23/16,2498.188665,3.641619212,,11/24/17,2604.158869,3.731068128,,11/24/18,2500.364849,3.611458391,,11/24/19,2596.067327,3.689403235
11/25/10,2872.98347,4.118702232,,11/25/11,2523.306851,3.750480548,,11/24/12,2658.437175,3.876957026,,11/25/13,2814.678452,4.00964088,,11/25/14,2793.815204,3.97782448,,11/25/15,2465.744164,3.618869776,,11/24/16,2502.002937,3.644114858,,11/25/17,2610.005846,3.739092998,,11/25/18,2507.490169,3.619241246,,11/25/19,2607.072622,3.69589633
11/26/10,2886.156792,4.130570131,,11/26/11,2523.696343,3.756333318,,11/25/12,2663.608199,3.880727211,,11/26/13,2817.299611,4.015556806,,11/26/14,2794.264066,3.98007244,,11/26/15,2475.637966,3.624696819,,11/25/16,2514.291314,3.652166182,,11/26/17,2611.998058,3.743012592,,11/26/18,2510.804727,3.624461185,,11/26/19,2617.783988,3.70675466
11/27/10,2893.462259,4.140809525,,11/27/11,2528.793277,3.759076531,,11/26/12,2676.506477,3.889761862,,11/27/13,2817.300206,4.016867683,,11/27/14,2798.156874,3.982243275,,11/27/15,2479.601079,3.631625276,,11/26/16,2521.424992,3.66187721,,11/27/17,2623.380758,3.749700048,,11/27/18,2510.995262,3.626213732,,11/27/19,2628.253742,3.71734522
11/28/10,2910.699261,4.15308076,,11/28/11,2538.812591,3.766634655,,11/27/12,2677.031345,3.896473435,,11/28/13,2832.782968,4.024609361,,11/28/14,2800.067932,3.985145209,,11/28/15,2479.855115,3.633733851,,11/27/16,2525.297355,3.667380231,,11/28/17,2625.680386,3.756541212,,11/28/18,2516.559858,3.629091297,,11/28/19,2628.812813,3.722859633
11/29/10,2913.184923,4.162942092,,11/29/11,2538.815904,3.771645969,,11/28/12,2681.500596,3.898970495,,11/29/13,2836.850206,4.034384361,,11/29/14,2811.938887,3.992036215,,11/29/15,2484.538726,3.636202674,,11/28/16,2546.891128,3.680113299,,11/29/17,2631.002049,3.760351857,,11/29/18,2526.318531,3.636752932,,11/29/19,2632.28612,3.724875822
11/30/10,2923.085988,4.169135456,,11/30/11,2562.071544,3.783275445,,11/29/12,2683.044705,3.901977175,,11/30/13,2854.647663,4.045316709,,11/30/14,2816.234469,4.000119483,,11/30/15,2486.386644,3.639468438,,11/29/16,2557.882425,3.696405834,,11/30/17,2648.892356,3.771957842,,11/30/18,2528.27979,3.642612898,,11/30/19,2642.450804,3.731694817
12/1/10,2928.621654,4.176853821,,12/1/11,2588.015702,3.807875344,,11/30/12,2700.442981,3.911448367,,12/1/13,2863.552609,4.05866791,,12/1/14,2822.543571,4.005421826,,12/1/15,2495.741121,3.645069636,,11/30/16,2560.874149,3.703397345,,12/1/17,2654.914532,3.783914084,,12/1/18,2531.990487,3.645448876,,12/1/19,2642.963845,3.73703368
12/2/10,2938.232079,4.184426866,,12/2/11,2588.728037,3.82120359,,12/1/12,2700.59163,3.920221829,,12/2/13,2866.463885,4.064576021,,12/2/14,2830.465181,4.012537182,,12/2/15,2508.198202,3.655975415,,12/1/16,2580.284899,3.714598581,,12/2/17,2664.919234,3.791927523,,12/2/18,2538.673588,3.650645775,,12/2/19,2658.36441,3.744990483
12/3/10,2939.389894,4.189810986,,12/3/11,2591.656246,3.823023863,,12/2/12,2713.337191,3.926668935,,12/3/13,2875.34984,4.070474637,,12/3/14,2838.916398,4.020723595,,12/3/15,2508.400916,3.662305313,,12/2/16,2582.644111,3.725483562,,12/3/17,2669.592723,3.799266619,,12/3/18,2544.233369,3.656767216,,12/3/19,2663.540237,3.755278679
12/4/10,2940.386396,4.190888145,,12/4/11,2594.583419,3.825951554,,12/3/12,2728.804426,3.940775333,,12/4/13,2875.75968,4.075122534,,12/4/14,2856.622879,4.033802444,,12/4/15,2513.404742,3.664908582,,12/3/16,2589.077935,3.72988008,,12/4/17,2672.385447,3.802999725,,12/4/18,2554.254485,3.664557664,,12/4/19,2685.441155,3.768817052
12/5/10,2942.681317,4.192533857,,12/5/11,2600.873052,3.830559957,,12/4/12,2737.987361,3.953100418,,12/5/13,2878.079135,4.076487182,,12/5/14,2857.031979,4.042860234,,12/5/15,2522.620836,3.672018543,,12/4/16,2591.23069,3.73417337,,12/5/17,2674.981922,3.805694324,,12/5/18,2568.866695,3.676874327,,12/5/19,2692.129763,3.783111814
12/6/10,2943.372827,4.194027072,,12/6/11,2603.850585,3.83519354,,12/5/12,2746.436366,3.961916388,,12/6/13,2882.309211,4.079761947,,12/6/14,2861.208415,4.045153002,,12/6/15,2522.824918,3.676728631,,12/5/16,2606.227516,3.74274816,,12/6/17,2689.062701,3.814032951,,12/6/18,2571.66393,3.68557905,,12/6/19,2696.918168,3.788850321
12/7/10,2947.878318,4.196625573,,12/7/11,2615.155873,3.842334951,,12/6/12,2752.167312,3.969006363,,12/7/13,2886.153661,4.08379921,,12/7/14,2867.495113,4.05038457,,12/7/15,2525.019204,3.677927815,,12/6/16,2622.439782,3.758352706,,12/7/17,2690.54801,3.821815995,,12/7/18,2574.638961,3.688465183,,12/7/19,2701.281293,3.793426086
12/8/10,2951.17601,4.200527164,,12/8/11,2618.427241,3.849623278,,12/7/12,2753.497156,3.972536758,,12/8/13,2890.352111,4.08782066,,12/8/14,2872.963574,4.056262149,,12/8/15,2526.242818,3.679636765,,12/7/16,2638.644904,3.7745614,,12/8/17,2693.743697,3.824156494,,12/8/18,2591.1031,3.698184768,,12/8/19,2716.666108,3.803300056
12/9/10,2953.81831,4.20349716,,12/9/11,2630.420152,3.857255418,,12/8/12,2761.899859,3.977403032,,12/9/13,2892.429936,4.090958798,,12/9/14,2906.313218,4.075671201,,12/9/15,2528.700307,3.681477316,,12/8/16,2639.672431,3.783177725,,12/9/17,2715.207287,3.836486132,,12/9/18,2595.930509,3.708830542,,12/9/19,2719.025662,3.812172241
12/10/10,2981.856975,4.218837643,,12/10/11,2633.864802,3.864974198,,12/9/12,2775.387088,3.988347998,,12/10/13,2921.181386,4.106373436,,12/10/14,2910.436639,4.094407734,,12/10/15,2531.00506,3.683858437,,12/9/16,2655.680998,3.791695772,,12/10/17,2715.382124,3.847305346,,12/10/18,2601.775894,3.714166939,,12/10/19,2746.077724,3.826878048
12/11/10,2994.776167,4.239316571,,12/11/11,2640.407465,3.869967855,,12/10/12,2782.076337,3.998436237,,12/11/13,2924.183385,4.12225016,,12/11/14,2927.09067,4.10479646,,12/11/15,2532.279328,3.685647948,,12/10/16,2661.598071,3.802658592,,12/11/17,2719.534741,3.849469073,,12/11/18,2602.371482,3.717387425,,12/11/19,2748.304638,3.841517536
12/12/10,3022.22142,4.259498794,,12/12/11,2646.321193,3.87619605,,12/11/12,2783.990348,4.002737867,,12/12/13,2925.0701,4.124194517,,12/12/14,2932.534487,4.115845384,,12/12/15,2533.670242,3.686980539,,12/11/16,2667.025318,3.808330752,,12/12/17,2720.279501,3.851917761,,12/12/18,2602.562148,3.717780552,,12/12/19,2750.542568,3.843749958
12/13/10,3028.764499,4.276492959,,12/13/11,2654.661318,3.883322977,,12/12/12,2799.283497,4.011341447,,12/13/13,2957.031835,4.140618742,,12/13/14,2946.672306,4.125636202,,12/13/15,2534.328989,3.688005369,,12/12/16,2671.359653,3.813211543,,12/13/17,2723.936672,3.854118726,,12/13/18,2606.18448,3.719687051,,12/13/19,2773.583197,3.856389238
12/14/10,3028.950572,4.279857535,,12/14/11,2660.787313,3.890556037,,12/13/12,2822.68075,4.030686648,,12/14/13,2961.450523,4.158808954,,12/14/14,2947.403049,4.133070483,,12/14/15,2557.943989,3.700142243,,12/13/16,2671.537951,3.81546786,,12/14/17,2737.788135,3.862873044,,12/14/18,2624.568352,3.730690154,,12/14/19,2776.118685,3.869177296
12/15/10,3031.574414,4.281262493,,12/15/11,2661.344371,3.893897564,,12/14/12,2829.693304,4.045891551,,12/15/13,2965.487692,4.163036882,,12/15/14,2951.578536,4.135523598,,12/15/15,2565.239894,3.715597695,,12/14/16,2673.79348,3.816684773,,12/15/17,2739.850439,3.870829927,,12/15/18,2656.254812,3.755725319,,12/15/19,2802.517587,3.883644491
12/16/10,3040.503399,4.287038906,,12/16/11,2661.744386,3.8943761,,12/15/12,2834.858182,4.051980267,,12/16/13,2966.148112,4.165385676,,12/16/14,2958.083475,4.140863811,,12/16/15,2571.100225,3.722175813,,12/15/16,2680.804743,3.821318168,,12/16/17,2741.54927,3.872710494,,12/16/18,2656.888776,3.771885531,,12/16/19,2817.466156,3.904318227
12/17/10,3044.971019,4.293737209,,12/17/11,2663.039203,3.895223516,,12/16/12,2840.974582,4.057620906,,12/17/13,2968.405833,4.166844747,,12/17/14,2985.688727,4.157918906,,12/17/15,2579.122892,3.729117312,,12/16/16,2685.242434,3.827042646,,12/17/17,2742.032387,3.873801469,,12/17/18,2657.834822,3.772675536,,12/17/19,2819.338765,3.912728816
12/18/10,3058.417936,4.302694478,,12/18/11,2673.006308,3.900854477,,12/17/12,2844.724147,4.062553889,,12/18/13,2968.905876,4.168223629,,12/18/14,2999.946046,4.178850192,,12/18/15,2598.259869,3.742697134,,12/17/16,2697.65465,3.835467599,,12/18/17,2745.104397,3.875579032,,12/18/18,2667.175207,3.777818752,,12/18/19,2830.43374,3.919212608
12/19/10,3059.130681,4.309774308,,12/19/11,2673.537594,3.906103672,,12/18/12,2868.219445,4.07617632,,12/19/13,2972.902548,4.170471987,,12/19/14,3002.831758,4.187421708,,12/19/15,2598.930991,3.752601184,,12/18/16,2703.670622,3.844681693,,12/19/17,2752.563051,3.880844364,,12/19/18,2700.648501,3.799225591,,12/19/19,2832.911549,3.925999
12/20/10,3066.310272,4.313720476,,12/20/11,2681.117214,3.910159125,,12/19/12,2882.74778,4.095188137,,12/20/13,2981.949658,4.176993877,,12/20/14,3008.179811,4.19153859,,12/20/15,2602.327419,3.754634958,,12/19/16,2720.685051,3.856196893,,12/20/17,2760.535083,3.888559707,,12/20/18,2701.925156,3.816600566,,12/20/19,2844.142959,3.93285361
12/21/10,3073.754789,4.32103253,,12/21/11,2691.908537,3.919344597,,12/20/12,2894.275611,4.10821622,,12/21/13,2990.786724,4.185935965,,12/21/14,3010.035571,4.195140497,,12/21/15,2612.530533,3.76143473,,12/20/16,2727.629101,3.868176133,,12/21/17,2770.034478,3.89729542,,12/21/18,2703.626555,3.818089592,,12/21/19,2849.611584,3.941203627
12/22/10,3082.786441,4.329270615,,12/22/11,2711.794421,3.9346832,,12/21/12,2910.559816,4.122122238,,12/22/13,2991.715609,4.190818941,,12/22/14,3012.04488,4.197073031,,12/22/15,2620.946968,3.770744504,,12/21/16,2735.402917,3.875535066,,12/22/17,2772.423674,3.903239716,,12/22/18,2716.417774,3.825335902,,12/22/19,2861.911486,3.950087891
12/23/10,3089.679729,4.337233085,,12/23/11,2734.682338,3.956070101,,12/22/12,2911.654444,4.130811654,,12/23/13,3000.038994,4.195445076,,12/23/14,3013.906502,4.199008496,,12/23/15,2626.606929,3.777782702,,12/22/16,2740.202835,3.881821934,,12/23/17,2776.432164,3.906438559,,12/23/18,2716.681236,3.831863242,,12/23/19,2874.518662,3.96254143
12/24/10,3091.568922,4.341624326,,12/24/11,2746.249232,3.973297506,,12/23/12,2917.677601,4.134370547,,12/24/13,3001.317715,4.200246129,,12/24/14,3020.014076,4.202993094,,12/24/15,2627.541513,3.781079975,,12/23/16,2748.123595,3.888182273,,12/24/17,2789.057757,3.9147556,,12/24/18,2718.650306,3.832979508,,12/24/19,2882.724557,3.972947965
12/25/10,3095.345204,4.344457063,,12/25/11,2748.396616,3.980154645,,12/24/12,2917.906442,4.137496546,,12/25/13,3006.859721,4.203656493,,12/25/14,3020.619022,4.206349354,,12/25/15,2629.313363,3.782433192,,12/24/16,2753.652729,3.89490722,,12/25/17,2793.536656,3.923307846,,12/25/18,2725.531571,3.837404676,,12/25/19,2892.351508,3.981864388
12/26/10,3098.944073,4.348144639,,12/26/11,2750.108605,3.982084332,,12/25/12,2936.374603,4.146845047,,12/26/13,3011.490066,4.208742668,,12/26/14,3022.365364,4.207524998,,12/26/15,2629.518926,3.783421898,,12/25/16,2753.765745,3.897728295,,12/26/17,2793.625531,3.925591733,,12/26/18,2732.259635,3.84420934,,12/26/19,2892.59316,3.986798689
12/27/10,3101.833943,4.351389008,,12/27/11,2762.251151,3.989011599,,12/26/12,2946.85117,4.161317411,,12/27/13,3012.047466,4.21133654,,12/27/14,3027.868254,4.211149615,,12/27/15,2634.076357,3.785803395,,12/26/16,2764.269828,3.903036844,,12/27/17,2798.022232,3.927834522,,12/27/18,2741.815649,3.852351379,,12/27/19,2893.284281,3.987265076
12/28/10,3115.266012,4.359549978,,12/28/11,2764.176535,3.996045564,,12/27/12,2949.23518,4.1677477,,12/28/13,3016.221504,4.213702259,,12/28/14,3031.659499,4.215796682,,12/28/15,2640.152175,3.79112002,,12/27/16,2765.860266,3.909084105,,12/28/17,2807.772878,3.934908195,,12/28/18,2758.75544,3.865599282,,12/28/19,2896.555691,3.989246341
12/29/10,3119.312399,4.368289206,,12/29/11,2766.13161,3.997985794,,12/28/12,2957.424093,4.173034161,,12/29/13,3019.587359,4.217472206,,12/29/14,3046.157631,4.224941371,,12/29/15,2643.735574,3.795949628,,12/28/16,2767.746912,3.910822646,,12/29/17,2819.271633,3.945532896,,12/29/18,2763.087802,3.876235358,,12/29/19,2899.643124,3.992425763
12/30/10,3119.817324,4.370564862,,12/30/11,2772.557492,4.002176272,,12/29/12,2962.652028,4.179742585,,12/30/13,3020.526605,4.219624756,,12/30/14,3056.881599,4.23755242,,12/30/15,2646.753218,3.79925015,,12/29/16,2788.6614,3.922223213,,12/30/17,2820.887808,3.952090361,,12/30/18,2777.878387,3.885796832,,12/30/19,2901.899507,3.995097671
12/31/10,3133.15885,4.377488087,,12/31/11,2772.92558,4.005573257,,12/30/12,2974.655404,4.188358241,,12/31/13,3046.225615,4.232943885,,12/31/14,3080.230821,4.254589015,,12/31/15,2652.882227,3.803823476,,12/30/16,2801.429082,3.939064298,,12/31/17,2835.51709,3.960213089,,12/31/18,2802.875961,3.905690911,,12/31/19,2942.376946,4.016464582
,,,,,,,,12/31/12,3004.53805,4.209301251,,,,,,,,,,,,,,12/31/16,2810.24884,3.949858018,,,,,,,,,,,,